web-scraper-order,web-scraper-start-url,handle,name,content,replies,retweets,favorites,unix_timestamp,published_date,url,Unnamed: 11
1567719944-35120,https://twitter.com/search?f=tweets&q=%23allied%20since%3A2016-11-03%20until%3A2016-11-07&src=typd,@IndianAcers,Indian Conventions (Talees Rizvi),"@BLK_Hospital Nomination open Healthcare Awards #Medicine #Equipment, #Doctors #Allied Service & #Legal http://www.indianconventions.com  P:9310634007",,,,1478262237000,5:23 AM - 4 Nov 2016,/IndianAcers/status/794515527238447104,
1567719944-35098,https://twitter.com/search?f=tweets&q=%23allied%20since%3A2016-11-03%20until%3A2016-11-07&src=typd,@LinderMachinery,Linder Industrial,Check out today’s #LinderModelOfTheDay The Allied HOPAC 400B Vibratory Compactor #allied http://www.linderco.com/modeloftheday pic.twitter.com/bvvjBpGMCb,,,,1478346318000,4:45 AM - 5 Nov 2016,/LinderMachinery/status/794868187368136704,
1567719944-35062,https://twitter.com/search?f=tweets&q=%23allied%20since%3A2016-11-03%20until%3A2016-11-07&src=typd,@nzlistener,The Listener,Win tickets to an exclusive screening of #Allied http://www.listener.co.nz/win/exclusive-screening-allied/ …pic.twitter.com/wdwvhEwiRV,,,,1478465372000,12:49 PM - 6 Nov 2016,/nzlistener/status/795367534845267968,
1567719944-35094,https://twitter.com/search?f=tweets&q=%23allied%20since%3A2016-11-03%20until%3A2016-11-07&src=typd,@_reits,Real Estate News,"#Allied Properties Real Estate Investment to Post FY2017 Earnings of $2.30 Per Share, Nati... Read more: http://owler.us/abOc8Z  $AP.UN",,,,1478358251000,8:04 AM - 5 Nov 2016,/_reits/status/794918237242724353,
1567719944-35121,https://twitter.com/search?f=tweets&q=%23allied%20since%3A2016-11-03%20until%3A2016-11-07&src=typd,@IndianAcers,Indian Conventions (Talees Rizvi),"@laparoscope Nomination open Healthcare Awards #Medicine #Equipment, #Doctors #Allied Service & #Legal http://www.indianconventions.com  Ph:9310634007",,,,1478262223000,5:23 AM - 4 Nov 2016,/IndianAcers/status/794515467708706817,
1567719944-35104,https://twitter.com/search?f=tweets&q=%23allied%20since%3A2016-11-03%20until%3A2016-11-07&src=typd,@Debrah102790,Debra hall,#Allied https://www.youtube.com/watch?v=HSCQWX-pUSg …,,,,1478306951000,5:49 PM - 4 Nov 2016,/Debrah102790/status/794703071586586624,
1567719944-35140,https://twitter.com/search?f=tweets&q=%23allied%20since%3A2016-11-03%20until%3A2016-11-07&src=typd,@yayahoward,Da pretty one,#Allied https://www.youtube.com/watch?v=HSCQWX-pUSg …,,,,1478221007000,5:56 PM - 3 Nov 2016,/yayahoward/status/794342593739952128,
1567719944-35125,https://twitter.com/search?f=tweets&q=%23allied%20since%3A2016-11-03%20until%3A2016-11-07&src=typd,@IndianAcers,Indian Conventions (Talees Rizvi),"Nominations open Healthcare Awards #Medicine, #Equipment, #Doctors, #Allied Services and #Legal http://www.indianconventions.com",,,,1478262069000,5:21 AM - 4 Nov 2016,/IndianAcers/status/794514821051916289,
1567719944-35107,https://twitter.com/search?f=tweets&q=%23allied%20since%3A2016-11-03%20until%3A2016-11-07&src=typd,@AlliedMovie,Allied Movie,Be calm. Stay aware. Trust no one. #Allied #PropagandaArt #FlashbackFridaypic.twitter.com/2Fbpm6Zmvq,,13.0,17.0,1478293176000,1:59 PM - 4 Nov 2016,/AlliedMovie/status/794645293132226560,
1567719944-35081,https://twitter.com/search?f=tweets&q=%23allied%20since%3A2016-11-03%20until%3A2016-11-07&src=typd,@ColinJWarnock,Colin J. Warnock,#BradPitt and #MarionCotillard generate heat in #Allied.  Doesn't hurt that now we're all wondering if it's real or acting. @AlliedMoviepic.twitter.com/sm7FugXiRu,,1.0,2.0,1478382754000,2:52 PM - 5 Nov 2016,/ColinJWarnock/status/795021010026332165,
1567719944-35170,https://twitter.com/search?f=tweets&q=%23allied%20since%3A2016-11-03%20until%3A2016-11-07&src=typd,@MintMovie,Mint Movie  🏳️‍🌈,เราจะเชื่อใจใครได้? แบรด พิตต์ และ มาริยง โกติยาร์ดในเป็น สองคู่รักสายลับในช่วงสมัยสงครามโลกครั้งที่2 ใน #Allied ฉาย 24 พ.ย. #movietwitpic.twitter.com/uAdKCa4nnP,,127.0,22.0,1478171463000,4:11 AM - 3 Nov 2016,/MintMovie/status/794134792077881345,
1567719944-35152,https://twitter.com/search?f=tweets&q=%23allied%20since%3A2016-11-03%20until%3A2016-11-07&src=typd,@ClaireHac,Claire Hackney,"can't wait for this film to come out, we saw the trailer today! :-) #Allied",,,,1478198813000,11:46 AM - 3 Nov 2016,/ClaireHac/status/794249505290022912,
1567719944-35113,https://twitter.com/search?f=tweets&q=%23allied%20since%3A2016-11-03%20until%3A2016-11-07&src=typd,@_reits,Real Estate News,"#Allied Properties Real Estate Investment Trust : November 01 , 2016 Allied Properties REI... Read more: http://owler.us/abNY7Z  $AP.UN",,,,1478277137000,9:32 AM - 4 Nov 2016,/_reits/status/794578019578826752,
1567719944-35176,https://twitter.com/search?f=tweets&q=%23allied%20since%3A2016-11-03%20until%3A2016-11-07&src=typd,@alaa_pacific,alaa,"When #ISIS take #mosul , they came from #Turkey , and they supported by #qatar and #saudia , #us #Allied ,just to remamber #USElections2016",1.0,,,1478163165000,1:52 AM - 3 Nov 2016,/alaa_pacific/status/794099988448088064,
1567719944-35073,https://twitter.com/search?f=tweets&q=%23allied%20since%3A2016-11-03%20until%3A2016-11-07&src=typd,@rcreyes14,RC,im still hoping that brad and angie  are holding hands together while walking  at the premiere night of #Allied,,,1.0,1478425317000,1:41 AM - 6 Nov 2016,/rcreyes14/status/795199534414503936,
1567719944-35091,https://twitter.com/search?f=tweets&q=%23allied%20since%3A2016-11-03%20until%3A2016-11-07&src=typd,@IcemanLira,AchillesL,Brad Pitt really hates nazis. #ingloriousbasterds #Fury #Allied,,,,1478359243000,8:20 AM - 5 Nov 2016,/IcemanLira/status/794922398671900672,
1567719944-35134,https://twitter.com/search?f=tweets&q=%23allied%20since%3A2016-11-03%20until%3A2016-11-07&src=typd,@StewartLundNZ,Stewart Sowman-Lund,I can't work out if #Allied looks really awful or really good. Much like #Passengers...,,,,1478245947000,12:52 AM - 4 Nov 2016,/StewartLundNZ/status/794447200147255296,
1567719944-35155,https://twitter.com/search?f=tweets&q=%23allied%20since%3A2016-11-03%20until%3A2016-11-07&src=typd,@A2347A,Centrovoy  🇷🇺,"#БрэдПитт и #МарионКотийяр
#Союзники #Allied
https://youtu.be/7cBOLPm3V_I",,,,1478195394000,10:49 AM - 3 Nov 2016,/A2347A/status/794235166931767296,
1567719944-35133,https://twitter.com/search?f=tweets&q=%23allied%20since%3A2016-11-03%20until%3A2016-11-07&src=typd,@ParamountUK,Paramount Pictures,"He's going to have to trust her, even if it means his life. Let #Allied starring #BradPitt and #MarionCotillard sweep you away November 25.pic.twitter.com/dTL7Mu5FZY",,62.0,120.0,1478246405000,1:00 AM - 4 Nov 2016,/ParamountUK/status/794449120194744320,
1567719944-35099,https://twitter.com/search?f=tweets&q=%23allied%20since%3A2016-11-03%20until%3A2016-11-07&src=typd,@NooMori,Mori_MovieLover  🐾 🎬 🐾,เธออาจเป็นสายลับเยอรมัน คุณไว้ใจภรรยาคุณได้มั้ย - น่าดูว่ะ เบรดพิตกลับมาหน้าล่อนเชียว มีความรู้สึกว่าจะนามไปติ่งฯมาริยงอย่างจริงจัง #Allied pic.twitter.com/IpDomkaLyR,1.0,1.0,1.0,1478344223000,4:10 AM - 5 Nov 2016,/NooMori/status/794859402373173248,
1567719944-35136,https://twitter.com/search?f=tweets&q=%23allied%20since%3A2016-11-03%20until%3A2016-11-07&src=typd,@lilmissb1324,Sarah H.,"Doesn't the movie ""Allied"" look very familiar? #mrandmrssmith #allied #sameplotdifferenttimeperiod",,,,1478232753000,9:12 PM - 3 Nov 2016,/lilmissb1324/status/794391859749650433,
1567719944-35060,https://twitter.com/search?f=tweets&q=%23allied%20since%3A2016-11-03%20until%3A2016-11-07&src=typd,@MikeMifflin11,Mike,#Allied looks pretty good,,,,1478471227000,2:27 PM - 6 Nov 2016,/MikeMifflin11/status/795392093783003137,
1567719944-35191,https://twitter.com/search?f=tweets&q=%23allied%20since%3A2016-11-03%20until%3A2016-11-07&src=typd,@buck_meghan,ᴍ ʙᴜᴄᴋ.,Ohhh I need to see that movie #allied,,,1.0,1478137519000,6:45 PM - 2 Nov 2016,/buck_meghan/status/793992420929044480,
1567719944-35129,https://twitter.com/search?f=tweets&q=%23allied%20since%3A2016-11-03%20until%3A2016-11-07&src=typd,@4StarFilms,Four Star Films,On #November24 everything will be questioned. #Allied in theaters across the #MiddleEastpic.twitter.com/jwul69zJIA,,,,1478254021000,3:07 AM - 4 Nov 2016,/4StarFilms/status/794481064773382144,
1567719944-35086,https://twitter.com/search?f=tweets&q=%23allied%20since%3A2016-11-03%20until%3A2016-11-07&src=typd,@Syimisyimaro_,syimisyimaro,All those guys just got washed #funrun2 #mew #IJUSTKICKEDU #ALLIED pic.twitter.com/M4hOt44nfp,,,1.0,1478373739000,12:22 PM - 5 Nov 2016,/Syimisyimaro_/status/794983201223557120,
1567719944-35190,https://twitter.com/search?f=tweets&q=%23allied%20since%3A2016-11-03%20until%3A2016-11-07&src=typd,@ShanefromFL,Shane Longino,It wouldn't be a movie with Nazis unless Brad Pitt was killing them #Allied,,,1.0,1478137522000,6:45 PM - 2 Nov 2016,/ShanefromFL/status/793992434791358464,
1567719944-35080,https://twitter.com/search?f=tweets&q=%23allied%20since%3A2016-11-03%20until%3A2016-11-07&src=typd,@TheJamiePerry,jamie,"Holy crap #Allied looks so good. 2 WWII assassins fall in love, then the husband finds out his wife might be a German spy.",,,,1478386325000,3:52 PM - 5 Nov 2016,/TheJamiePerry/status/795035988795985920,
1567719944-35142,https://twitter.com/search?f=tweets&q=%23allied%20since%3A2016-11-03%20until%3A2016-11-07&src=typd,@paullferrer,Paul Ferrer,Especially as Warren's Beatty's #RulesDontApply has little chance of success against #Allied #BadSanta2 #Moana over Thanksgiving,1.0,,,1478215227000,4:20 PM - 3 Nov 2016,/paullferrer/status/794318351577337865,
1567719944-35088,https://twitter.com/search?f=tweets&q=%23allied%20since%3A2016-11-03%20until%3A2016-11-07&src=typd,@yellowmarlin,Stephen Hamilton  🇨🇦,"The trailers for #RulesDontApply, #LaLaLand, #AUnitedKingdom and #Allied all look great, and #AMonsterCalls looks very intriguing too.",1.0,,1.0,1478372163000,11:56 AM - 5 Nov 2016,/yellowmarlin/status/794976588211355648,
1567719944-35100,https://twitter.com/search?f=tweets&q=%23allied%20since%3A2016-11-03%20until%3A2016-11-07&src=typd,@ColumbiaPicPH,Columbia Pictures PH,"Behind enemy lines, trust no one. #ALLIED – In Cinemas Nov. 23: http://youtu.be/fyhT4Bg8KKo?a  via @YouTube",,,,1478340020000,3:00 AM - 5 Nov 2016,/ColumbiaPicPH/status/794841772266586112,
1567719944-35126,https://twitter.com/search?f=tweets&q=%23allied%20since%3A2016-11-03%20until%3A2016-11-07&src=typd,@AboutHistoryMag,All About History,Win yourself some exclusive 1940s-style goodies with #WWII movie #Allied https://www.historyanswers.co.uk/competitions/win-a-1940s-style-record-player-hip-flask-and-passport-case-with-allied/ … #Competitionpic.twitter.com/Id0mKVEwtD,,,2.0,1478259545000,4:39 AM - 4 Nov 2016,/AboutHistoryMag/status/794504233999618048,
1567719944-35108,https://twitter.com/search?f=tweets&q=%23allied%20since%3A2016-11-03%20until%3A2016-11-07&src=typd,@ParamountUK,Paramount Pictures,Can he uncover the truth? #BradPitt is Max Vatan in #Allied. pic.twitter.com/zVpjLa83KY,2.0,16.0,70.0,1478286004000,12:00 PM - 4 Nov 2016,/ParamountUK/status/794615212301090817,
1567719944-35066,https://twitter.com/search?f=tweets&q=%23allied%20since%3A2016-11-03%20until%3A2016-11-07&src=typd,@MaddenProducer,Madden Producer,that #Allied trailer was better then entire #Steelers #Ravens game so far,,1.0,6.0,1478459442000,11:10 AM - 6 Nov 2016,/MaddenProducer/status/795342662303907840,
1567719944-35147,https://twitter.com/search?f=tweets&q=%23allied%20since%3A2016-11-03%20until%3A2016-11-07&src=typd,@MoviewebVideos,Movie Videos,Allied: TV Spot: This Man http://movieweb.com/movie/allied/tv-spot-this-man/ … #Movies #Allied #TVSpot #BradPittpic.twitter.com/r4HI3X48j4,,,,1478206862000,2:01 PM - 3 Nov 2016,/MoviewebVideos/status/794283268329701377,
1567719944-35172,https://twitter.com/search?f=tweets&q=%23allied%20since%3A2016-11-03%20until%3A2016-11-07&src=typd,@lptjobs,LPT Jobs,Want to #Primary #Care #Coordinator to work for #Allied #Health #Professionals in #Leicester? http://bit.ly/2femxc9 pic.twitter.com/09L9DkGScx,,,1.0,1478167330000,3:02 AM - 3 Nov 2016,/lptjobs/status/794117456575033344,
1567719944-35059,https://twitter.com/search?f=tweets&q=%23allied%20since%3A2016-11-03%20until%3A2016-11-07&src=typd,@JLCwrites,DrawnToJLC,I'm watching the #Allied trailer and wondering why the CGI is making Brad Pitt look 15yrs younger. #hollywood  #fail,,1.0,1.0,1478471617000,2:33 PM - 6 Nov 2016,/JLCwrites/status/795393729028759552,
1567719944-35185,https://twitter.com/search?f=tweets&q=%23allied%20since%3A2016-11-03%20until%3A2016-11-07&src=typd,@theRealAD212,the Real AD,#Allied: Mal playing an evil #nastywoman aaggaaaain...,,,,1478137610000,6:46 PM - 2 Nov 2016,/theRealAD212/status/793992802753531904,
1567719944-35154,https://twitter.com/search?f=tweets&q=%23allied%20since%3A2016-11-03%20until%3A2016-11-07&src=typd,@AboutHistoryMag,All About History,"#Competition! Win some gorgeous 1940s-style merchandise with @ParamountUK WWII drama #Allied, in UK cinemas 25/11 https://www.historyanswers.co.uk/competitions/win-a-1940s-style-record-player-hip-flask-and-passport-case-with-allied/ …pic.twitter.com/at579yUBrx",1.0,4.0,1.0,1478198162000,11:36 AM - 3 Nov 2016,/AboutHistoryMag/status/794246774282190852,
1567719944-35128,https://twitter.com/search?f=tweets&q=%23allied%20since%3A2016-11-03%20until%3A2016-11-07&src=typd,@Jimmyocx3,Jimmy UK Veteran,"The heartbreaking account of @TheParachuteReg at war,
a must read for any soldier.
http://ebay.eu/2eswCSB   
@jtimberlake #Allied #BradPittpic.twitter.com/dYCzJepB9f",,,,1478255717000,3:35 AM - 4 Nov 2016,/Jimmyocx3/status/794488179759910912,
1567719944-35138,https://twitter.com/search?f=tweets&q=%23allied%20since%3A2016-11-03%20until%3A2016-11-07&src=typd,@tennesseecompan,tennessee companies,"Company profile ALLIED BUYING GROUP, INC.TENNESSEE - http://www.tennesseecompanies.org/allied-buying-group-inc-tennessee-000205065 …  #ALLIED #BUYING #GROUP, #INC.TENNESSEE",,,,1478223271000,6:34 PM - 3 Nov 2016,/tennesseecompan/status/794352092110606336,
1567719944-35165,https://twitter.com/search?f=tweets&q=%23allied%20since%3A2016-11-03%20until%3A2016-11-07&src=typd,@ParamountPicsIN,Paramount India,Soon everything will be questioned. #Allied #ComingSoonpic.twitter.com/fOsNNIfgNY,,1.0,5.0,1478181194000,6:53 AM - 3 Nov 2016,/ParamountPicsIN/status/794175605554061312,
1567719944-35169,https://twitter.com/search?f=tweets&q=%23allied%20since%3A2016-11-03%20until%3A2016-11-07&src=typd,@MisterMovieIT,MisterMovie.it,#Allied: i personaggi di #BradPitt e #MarionCotillard http://bit.ly/2fftuXS,,,5.0,1478172904000,4:35 AM - 3 Nov 2016,/MisterMovieIT/status/794140834585116672,
1567719944-35189,https://twitter.com/search?f=tweets&q=%23allied%20since%3A2016-11-03%20until%3A2016-11-07&src=typd,@A_Pelliccio,Anthony J. Pelliccio,#WorldSeries commercial for Brad Pitt's #Allied. Does Brad only do WWII flicks now?,,,2.0,1478137545000,6:45 PM - 2 Nov 2016,/A_Pelliccio/status/793992530501234688,
1567719944-35117,https://twitter.com/search?f=tweets&q=%23allied%20since%3A2016-11-03%20until%3A2016-11-07&src=typd,@NexusEcare,eCare Community,"eCare is an online client management Software for #agedcare, home care, #Allied care & community care providers. http://www.nexusecare.com/ pic.twitter.com/EJWPhjSBkt",,,,1478268096000,7:01 AM - 4 Nov 2016,/NexusEcare/status/794540099060920320,
1567719944-35145,https://twitter.com/search?f=tweets&q=%23allied%20since%3A2016-11-03%20until%3A2016-11-07&src=typd,@tennesseecompan,tennessee companies,Company profile MEMPHIS ALLIED ARTS LEAGUE () - http://www.tennesseecompanies.org/memphis-allied-arts-league-000078595 …  #MEMPHIS #ALLIED #ARTS #LEAGUE #(),,,,1478207336000,2:08 PM - 3 Nov 2016,/tennesseecompan/status/794285253728804864,
1567719944-35078,https://twitter.com/search?f=tweets&q=%23allied%20since%3A2016-11-03%20until%3A2016-11-07&src=typd,@ItsDreaB,D R E A B.,#Allied looks good.,,,,1478406723000,9:32 PM - 5 Nov 2016,/ItsDreaB/status/795121543621779456,
1567719944-35132,https://twitter.com/search?f=tweets&q=%23allied%20since%3A2016-11-03%20until%3A2016-11-07&src=typd,@dozman_,king.,I really got to see #Allied,,,1.0,1478247257000,1:14 AM - 4 Nov 2016,/dozman_/status/794452695813943297,
1567719944-35163,https://twitter.com/search?f=tweets&q=%23allied%20since%3A2016-11-03%20until%3A2016-11-07&src=typd,@tennesseecompan,tennessee companies,"Company profile ALLIED CONSTRUCTION MANAGEMENT, INC. - http://www.tennesseecompanies.org/allied-construction-management-inc-000614955 …  #ALLIED #CONSTRUCTION #MANAGEMENT, #INC.",,,,1478185301000,8:01 AM - 3 Nov 2016,/tennesseecompan/status/794192831736905728,
1567719944-35089,https://twitter.com/search?f=tweets&q=%23allied%20since%3A2016-11-03%20until%3A2016-11-07&src=typd,@rogue_solo_,Outer Rim Pilot,#LaLaLand #RogueOne #FantasticBeasts #MissSloane #Allied would be my Top 5 most anticipated. https://twitter.com/ew/status/794963509197078529 …,,,3.0,1478370217000,11:23 AM - 5 Nov 2016,/rogue_solo_/status/794968425957163008,
1567719944-35164,https://twitter.com/search?f=tweets&q=%23allied%20since%3A2016-11-03%20until%3A2016-11-07&src=typd,@MoviesAndMoreAT,Movies&More,#Allied – Neuer deutscher Trailer zum romantischen Action-Drama mit Brad Pitt & Marion Cotillard http://moviesandmore.at/allied-neuer-deutscher-trailer/ … #VertrauteFremdepic.twitter.com/IpRpOLZFvW,,,,1478184519000,7:48 AM - 3 Nov 2016,/MoviesAndMoreAT/status/794189552772595712,
1567719944-35148,https://twitter.com/search?f=tweets&q=%23allied%20since%3A2016-11-03%20until%3A2016-11-07&src=typd,@MoviewebVideos,Movie Videos,Allied: TV Spot: This Woman http://movieweb.com/movie/allied/tv-spot-this-woman/ … #Movies #Allied #TVSpot #BradPittpic.twitter.com/uzeH00pFOs,,,,1478205948000,1:45 PM - 3 Nov 2016,/MoviewebVideos/status/794279431762124800,
1567719944-35111,https://twitter.com/search?f=tweets&q=%23allied%20since%3A2016-11-03%20until%3A2016-11-07&src=typd,@AboutHistoryMag,All About History,Win a bundle of exclusive 1940s-style goodies with #WWII movie #Allied https://www.historyanswers.co.uk/competitions/win-a-1940s-style-record-player-hip-flask-and-passport-case-with-allied/ … #Competitionpic.twitter.com/o18R9jo860,,,2.0,1478283250000,11:14 AM - 4 Nov 2016,/AboutHistoryMag/status/794603663092281344,
1567719944-35114,https://twitter.com/search?f=tweets&q=%23allied%20since%3A2016-11-03%20until%3A2016-11-07&src=typd,@Chloj23,Chloe Zwiacher,"#Allied: Mr. & Mrs. Smith, World War II Edition",,,,1478275596000,9:06 AM - 4 Nov 2016,/Chloj23/status/794571556835966976,
1567719944-35076,https://twitter.com/search?f=tweets&q=%23allied%20since%3A2016-11-03%20until%3A2016-11-07&src=typd,@EGH78,Eddie Huff,How many World War 2 movies is Brad Pitt gonna make? #Allied,,,,1478406936000,9:35 PM - 5 Nov 2016,/EGH78/status/795122436857532416,
1567719944-35093,https://twitter.com/search?f=tweets&q=%23allied%20since%3A2016-11-03%20until%3A2016-11-07&src=typd,@ganaeuroamerica,ganadineroamerica,película #Allied protagonizada por Brad Pitt.  Que la disfruten... https://twitter.com/monikayoriana/status/790635280130777088 …,,,,1478358355000,8:05 AM - 5 Nov 2016,/ganaeuroamerica/status/794918675824447488,
1567719944-35095,https://twitter.com/search?f=tweets&q=%23allied%20since%3A2016-11-03%20until%3A2016-11-07&src=typd,@UniversalPicsIt,Universal Pictures,Quello che l'amore aveva unito il sospetto cercò di dividere. Brad Pitt e Marion Cotillard dal 12 gennaio nel nuovo film di Zemeckis #Allied pic.twitter.com/4AlA8P47fH,,2.0,20.0,1478358004000,8:00 AM - 5 Nov 2016,/UniversalPicsIt/status/794917202352898048,
1567719944-35130,https://twitter.com/search?f=tweets&q=%23allied%20since%3A2016-11-03%20until%3A2016-11-07&src=typd,@uipmoviesph,UIP Movies PH,"Deception is an art. Brad Pitt and Marion Cotillard star in #ALLIED –
In cinemas NOVEMBER 23. pic.twitter.com/h2FjIdndzb",,,,1478253600000,3:00 AM - 4 Nov 2016,/uipmoviesph/status/794479300644720640,
1567719944-35097,https://twitter.com/search?f=tweets&q=%23allied%20since%3A2016-11-03%20until%3A2016-11-07&src=typd,@MarionAyonote,Marion Ayonote,"#MarionsMuse Here is what is inspiring us today, such beautiful costumes, script & cinematography... #Allied https://www.youtube.com/watch?v=Jlp94-C31cY …",,,,1478353809000,6:50 AM - 5 Nov 2016,/MarionAyonote/status/794899608476454912,
1567719944-35075,https://twitter.com/search?f=tweets&q=%23allied%20since%3A2016-11-03%20until%3A2016-11-07&src=typd,@pharmatutor,pharmatutor,"Require #Drug safety associate trainee in #Global #Allied #Pharmaceuticals | #freshersjob #pharmatutor

Find @ http://www.pharmatutor.org/content/november-2016/require-drug-safety-associate-trainee-in-global-allied-pharmaceuticals …",,,,1478410677000,10:37 PM - 5 Nov 2016,/pharmatutor/status/795138129220890624,
1567719944-35180,https://twitter.com/search?f=tweets&q=%23allied%20since%3A2016-11-03%20until%3A2016-11-07&src=typd,@KNHOKPNTNH,КинокритиN,Марион Котийяр для осенне-зимней рекламной кампании Lady Dior /  / #MarionCotillard #Allied #JusteLaFinDuMonde https://vk.cc/5NeH2x,,,,1478156356000,11:59 PM - 2 Nov 2016,/KNHOKPNTNH/status/794071431189504000,
1567719944-35153,https://twitter.com/search?f=tweets&q=%23allied%20since%3A2016-11-03%20until%3A2016-11-07&src=typd,@MCotillardSpain,Marion Cotillard SPAIN  🇫🇷 🇪🇸,#Allied #Aliados #NewStillpic.twitter.com/SbBF5E1Q5V,,,,1478198388000,11:39 AM - 3 Nov 2016,/MCotillardSpain/status/794247722266202112,
1567719944-35157,https://twitter.com/search?f=tweets&q=%23allied%20since%3A2016-11-03%20until%3A2016-11-07&src=typd,@classbargain,Class Bargain,"#Allied #(2016) - #""This #Man"" - #Paramount  https://coolmoviebites.com/posts/9y8CyZYinJn6b9yvL/allied-2016-this-man-paramount-pictures …",,,,1478190824000,9:33 AM - 3 Nov 2016,/classbargain/status/794215998312292353,
1567719944-35087,https://twitter.com/search?f=tweets&q=%23allied%20since%3A2016-11-03%20until%3A2016-11-07&src=typd,@TheDailyPopcorn,The Daily Popcorn 🍿,"#Allied In theatres November 25 
@ParamountPicspic.twitter.com/qULQAMgvri",,,,1478372476000,12:01 PM - 5 Nov 2016,/TheDailyPopcorn/status/794977902823612416,
1567719944-35105,https://twitter.com/search?f=tweets&q=%23allied%20since%3A2016-11-03%20until%3A2016-11-07&src=typd,@TEECHAVEZ01,Theresa Chavez,#Allied https://www.youtube.com/watch?v=HSCQWX-pUSg …,,,,1478298923000,3:35 PM - 4 Nov 2016,/TEECHAVEZ01/status/794669396920659969,
1567719944-35192,https://twitter.com/search?f=tweets&q=%23allied%20since%3A2016-11-03%20until%3A2016-11-07&src=typd,@MikeMifflin11,Mike,Woah what is this film #Allied? Looks pretty sweet.,,,,1478137510000,6:45 PM - 2 Nov 2016,/MikeMifflin11/status/793992383394435072,
1567719944-35167,https://twitter.com/search?f=tweets&q=%23allied%20since%3A2016-11-03%20until%3A2016-11-07&src=typd,@ischanpogi,;,BCP SPORTFEST! #sportfest #cheerdance #allied #case #nation https://www.instagram.com/p/BMWVJyfhTCL/,,,,1478178068000,6:01 AM - 3 Nov 2016,/ischanpogi/status/794162496495960066,
1567719944-35178,https://twitter.com/search?f=tweets&q=%23allied%20since%3A2016-11-03%20until%3A2016-11-07&src=typd,@Illustrationweb,Illustration Ltd,An interview with costume designer #JoannaJohnston of the film #Allied featuring costume illustrations by @JABissett http://ow.ly/5dF4305LGHD pic.twitter.com/QTN8iytzg3,,5.0,11.0,1478161820000,1:30 AM - 3 Nov 2016,/Illustrationweb/status/794094346446471168,
1567719944-35139,https://twitter.com/search?f=tweets&q=%23allied%20since%3A2016-11-03%20until%3A2016-11-07&src=typd,@SIADailyNews,SIA Daily News,Cross Country Q3 revenue rises 10% on #nurse and #allied #staffing. https://shar.es/1Iq9Ls  $CCRN,,,,1478221809000,6:10 PM - 3 Nov 2016,/SIADailyNews/status/794345957819301890,
1567719944-35115,https://twitter.com/search?f=tweets&q=%23allied%20since%3A2016-11-03%20until%3A2016-11-07&src=typd,@QuimeraDG,Quimera Digital,"Brad Pitt y Marion Cotillard protagonizan un nuevo poster de #Allied

Estrena el 25 de noviembre. pic.twitter.com/wilCZeBux8",,1.0,1.0,1478274291000,8:44 AM - 4 Nov 2016,/QuimeraDG/status/794566082900201473,
1567719944-35127,https://twitter.com/search?f=tweets&q=%23allied%20since%3A2016-11-03%20until%3A2016-11-07&src=typd,@filmmakerscast,greekgeeksFilmmakers,#ALLIED http://fb.me/3T9Pi3PpX,,,,1478258044000,4:14 AM - 4 Nov 2016,/filmmakerscast/status/794497940639260672,
1567719944-35158,https://twitter.com/search?f=tweets&q=%23allied%20since%3A2016-11-03%20until%3A2016-11-07&src=typd,@coolmoviebites,Cool Movie Bites,"#Allied #(2016) - #""This #Man"" - #Paramount  https://coolmoviebites.com/posts/9y8CyZYinJn6b9yvL/allied-2016-this-man-paramount-pictures …",,,,1478190655000,9:30 AM - 3 Nov 2016,/coolmoviebites/status/794215289395286017,
1567719944-35109,https://twitter.com/search?f=tweets&q=%23allied%20since%3A2016-11-03%20until%3A2016-11-07&src=typd,@JaclynPioneer,Pioneer Healthcare,#nowhiring #slp #slpcfy #PioneerJobs #speechlanguagepathologist #alliedtravel #travelingSLP #SLPjobs #SLPtraveljobs #allied 800-683-1209 pic.twitter.com/30PRkb0SHJ,,,,1478284431000,11:33 AM - 4 Nov 2016,/JaclynPioneer/status/794608614413475840,
1567719944-35074,https://twitter.com/search?f=tweets&q=%23allied%20since%3A2016-11-03%20until%3A2016-11-07&src=typd,@Chicanita80,Sandra,#Allied https://www.youtube.com/watch?v=HSCQWX-pUSg …,,,,1478417102000,12:25 AM - 6 Nov 2016,/Chicanita80/status/795165077112401920,
1567719944-35096,https://twitter.com/search?f=tweets&q=%23allied%20since%3A2016-11-03%20until%3A2016-11-07&src=typd,@kokasses,Carl Anthony Lucas,"Al-Qaeda leader killed in US drone strike in Afghanistan http://a.msn.com/01/en-ca/AAjUVRd?ocid=st … Funny, MOST of al-Qaeda Terrorist from #USA #Allied States!",1.0,,,1478357730000,7:55 AM - 5 Nov 2016,/kokasses/status/794916054262808576,
1567719944-35077,https://twitter.com/search?f=tweets&q=%23allied%20since%3A2016-11-03%20until%3A2016-11-07&src=typd,@bryandoe,Bryan Doe,"#SNL I forget not everyone sees the same commercials and promos, so if anyone *didn't* see a promo for #Allied, ignore the last tweet",,,,1478406862000,9:34 PM - 5 Nov 2016,/bryandoe/status/795122128421089280,
1567719944-35181,https://twitter.com/search?f=tweets&q=%23allied%20since%3A2016-11-03%20until%3A2016-11-07&src=typd,@skaliticians,Skaliticians,Does anyone think it's weird that #BradPitt is in a movie where he may have to kill his wife? #Allied,,,1.0,1478152711000,10:58 PM - 2 Nov 2016,/skaliticians/status/794056140644462592,
1567719944-35183,https://twitter.com/search?f=tweets&q=%23allied%20since%3A2016-11-03%20until%3A2016-11-07&src=typd,@wasacoolguy,Michael Shafer,A second Brad Pitt movie where his wife is a double agent lol #Allied,,,,1478142744000,8:12 PM - 2 Nov 2016,/wasacoolguy/status/794014335764811776,
1567719944-35082,https://twitter.com/search?f=tweets&q=%23allied%20since%3A2016-11-03%20until%3A2016-11-07&src=typd,@ParamountAU,Paramount Pictures,Who is your ally? And who is your enemy? #MarionCotillard​ and #BradPitt​ star in #Allied in cinemas Boxing Day. pic.twitter.com/1Bj8GLU9R8,,3.0,9.0,1478382002000,2:40 PM - 5 Nov 2016,/ParamountAU/status/795017855972425728,
1567719944-35083,https://twitter.com/search?f=tweets&q=%23allied%20since%3A2016-11-03%20until%3A2016-11-07&src=typd,@MusicVideoAgent,Music Videos Agent,Spojenci (Allied) - t?et #allied https://dragplus.com/post/id/38447522 …,,,,1478376551000,1:09 PM - 5 Nov 2016,/MusicVideoAgent/status/794994993052131328,
1567719944-35118,https://twitter.com/search?f=tweets&q=%23allied%20since%3A2016-11-03%20until%3A2016-11-07&src=typd,@MassachusettsL1,Massachusetts List,"Company profile ALLIED MORTGAGE PROFESSIONALS, INC. - http://www.massachusettscompanies.org/allied-mortgage-professionals-inc-000945907 …  #ALLIED #MORTGAGE #PROFESSIONALS, #INC.",,,,1478263964000,5:52 AM - 4 Nov 2016,/MassachusettsL1/status/794522770201804804,
1567719944-35072,https://twitter.com/search?f=tweets&q=%23allied%20since%3A2016-11-03%20until%3A2016-11-07&src=typd,@ParamountUK,Paramount Pictures,Strong and fearless - #MarionCotillard is Marianne Beausejour in #Allied. pic.twitter.com/qJSnQFOk6g,4.0,47.0,224.0,1478426407000,2:00 AM - 6 Nov 2016,/ParamountUK/status/795204103827701761,
1567719944-35179,https://twitter.com/search?f=tweets&q=%23allied%20since%3A2016-11-03%20until%3A2016-11-07&src=typd,@MoviewebVideos,Movie Videos,Allied: TV Spot: Her Eyes http://movieweb.com/movie/allied/tv-spot-her-eyes/ … #Movies #Allied #TVSpot #BradPittpic.twitter.com/oSPWHfUJZw,,,,1478158250000,12:30 AM - 3 Nov 2016,/MoviewebVideos/status/794079374857236481,
1567719944-35065,https://twitter.com/search?f=tweets&q=%23allied%20since%3A2016-11-03%20until%3A2016-11-07&src=typd,@1059thex,105.9 The X,that #Allied trailer was better then entire #Steelers #Ravens game so far,,,4.0,1478459442000,11:10 AM - 6 Nov 2016,/1059thex/status/795342662371016704,
1567719944-35063,https://twitter.com/search?f=tweets&q=%23allied%20since%3A2016-11-03%20until%3A2016-11-07&src=typd,@CineroomTweets,𝘾𝙞𝙣𝙚𝙧𝙤𝙤𝙢 | 𝘼𝙙𝙖𝙢 𝙍𝙖𝙮 𝙋𝙖𝙡𝙢𝙚𝙧,November's films: http://www.cineroom.co.uk/the-features/films-for-november16 … - #FantasticBeasts #Allied #Arrival #TheAccountant #NocturnalAnimals #Indignation,,,,1478460601000,11:30 AM - 6 Nov 2016,/CineroomTweets/status/795347527054802944,
1567719944-35119,https://twitter.com/search?f=tweets&q=%23allied%20since%3A2016-11-03%20until%3A2016-11-07&src=typd,@VishalMukherjee,विशाल मुख़र्जी ™ 🇮🇳,ये भी कहीं पाकिस्तान न आ गया हो। वैसे भी हाफिज सईद की बहुत दिनों से कोई खबर नहीं। Will the #Allied force attack PAK for #Bagdadi,,,,1478263168000,5:39 AM - 4 Nov 2016,/VishalMukherjee/status/794519431309393921,
1567719944-35186,https://twitter.com/search?f=tweets&q=%23allied%20since%3A2016-11-03%20until%3A2016-11-07&src=typd,@ChuckWingDuck,Chuck Harland,#Allied is the #brangelina marriage metaphor we need.,,,,1478137586000,6:46 PM - 2 Nov 2016,/ChuckWingDuck/status/793992702425698305,
1567719944-35187,https://twitter.com/search?f=tweets&q=%23allied%20since%3A2016-11-03%20until%3A2016-11-07&src=typd,@HAUSENsmeffer,🌈Sionainn  🤓 🦄 🥌,"I'm sorry, haven't we seen this movie a gazillion times before? #Allied #tweetingthecommercials #WorldSeries",,,,1478137577000,6:46 PM - 2 Nov 2016,/HAUSENsmeffer/status/793992665398288388,
1567719944-35156,https://twitter.com/search?f=tweets&q=%23allied%20since%3A2016-11-03%20until%3A2016-11-07&src=typd,@AboutHistoryMag,All About History,"#Competition! Win some gorgeous 1940s-style goody bag with @ParamountUK WWII drama #Allied, in UK cinemas 25/11 https://www.historyanswers.co.uk/competitions/win-a-1940s-style-record-player-hip-flask-and-passport-case-with-allied/ …pic.twitter.com/p3D9ahNfeD",,4.0,,1478193281000,10:14 AM - 3 Nov 2016,/AboutHistoryMag/status/794226305743069184,
1567719944-35182,https://twitter.com/search?f=tweets&q=%23allied%20since%3A2016-11-03%20until%3A2016-11-07&src=typd,@AwardsTony,AwardsTony,#Allied looks awesome. Daughter of Ra ja gul is a German spy!!!,,,,1478149670000,10:07 PM - 2 Nov 2016,/AwardsTony/status/794043385468174336,
1567719944-35193,https://twitter.com/search?f=tweets&q=%23allied%20since%3A2016-11-03%20until%3A2016-11-07&src=typd,@WYSIWYT_15,wysiwyt_15,#Allied /a,,,,1478137501000,6:45 PM - 2 Nov 2016,/WYSIWYT_15/status/793992345880563712,
1567719944-35141,https://twitter.com/search?f=tweets&q=%23allied%20since%3A2016-11-03%20until%3A2016-11-07&src=typd,@Hollywood_Tweet,Hollywood Tweet,OMG what an amazing piece of #Art https://youtu.be/Jlp94-C31cY   #ALLIED #BradPitt,,40.0,13.0,1478218523000,5:15 PM - 3 Nov 2016,/Hollywood_Tweet/status/794332176112173056,
1567719944-35067,https://twitter.com/search?f=tweets&q=%23allied%20since%3A2016-11-03%20until%3A2016-11-07&src=typd,@laura_mittens,Laura Mittens,"Can't wait to see this, looks fab #Allied #alliedmoviehttps://twitter.com/ParamountUK/status/794947409583345664 …",,,,1478455465000,10:04 AM - 6 Nov 2016,/laura_mittens/status/795325984404893696,
1567719944-35061,https://twitter.com/search?f=tweets&q=%23allied%20since%3A2016-11-03%20until%3A2016-11-07&src=typd,@Debrah102790,Debra hall,#Allied https://www.youtube.com/watch?v=HSCQWX-pUSg …,,,,1478469434000,1:57 PM - 6 Nov 2016,/Debrah102790/status/795384572175327233,
1567719944-35175,https://twitter.com/search?f=tweets&q=%23allied%20since%3A2016-11-03%20until%3A2016-11-07&src=typd,@DataGroupUSA,DataGroup USA,#Paint #Putty #Allied : small market & profit growth in Nov 2016. http://dg-di.us/DG/WMR/P28518_M.htm … #Revenues #MarketResearchReports,,,,1478164091000,2:08 AM - 3 Nov 2016,/DataGroupUSA/status/794103872558157824,
1567719944-35173,https://twitter.com/search?f=tweets&q=%23allied%20since%3A2016-11-03%20until%3A2016-11-07&src=typd,@yammag,YAM Magazine,What O_O #Allied has 华桦传媒 Huahua Media funding. My mind is just exploding. http://www.imdb.com/company/co0478951/?ref_=ttco_co_3 …pic.twitter.com/D5FqGMvf3E,,1.0,,1478167048000,2:57 AM - 3 Nov 2016,/yammag/status/794116275026980864,
1567719944-35161,https://twitter.com/search?f=tweets&q=%23allied%20since%3A2016-11-03%20until%3A2016-11-07&src=typd,@Vertigo24net,Vertigo24,#Allied - Un'ombra nascosta: #MarionCotillard e #BradPitt  nel poster italiano ---> http://tinyurl.com/gsbvv33 pic.twitter.com/4DkNCe9yVI,,,,1478188265000,8:51 AM - 3 Nov 2016,/Vertigo24net/status/794205263645523969,
1567719944-35084,https://twitter.com/search?f=tweets&q=%23allied%20since%3A2016-11-03%20until%3A2016-11-07&src=typd,@MusicVideoAgent,Music Videos Agent,Spojenci (Allied) - t?et #allied https://dragplus.com/post/id/38447523 …,,,,1478376550000,1:09 PM - 5 Nov 2016,/MusicVideoAgent/status/794994991089287170,
1567719944-35146,https://twitter.com/search?f=tweets&q=%23allied%20since%3A2016-11-03%20until%3A2016-11-07&src=typd,@DataGroupAsia,DataGroup Asia,#Chemicals #Allied #Prods #Wholesalers : Nov 2016 market growth meager. http://dg-di.cn/DG/WMR/42469.htm … #MarketResearch #Statistics #mrx,,,,1478206920000,2:02 PM - 3 Nov 2016,/DataGroupAsia/status/794283510215430144,
1567719944-35159,https://twitter.com/search?f=tweets&q=%23allied%20since%3A2016-11-03%20until%3A2016-11-07&src=typd,@cineworld,Cineworld Cinemas,"Nothing is as it seems - Brad Pitt & Marion Cotillard form a romantic bond in the spy thriller #Allied, from the Director of Forrest Gump! pic.twitter.com/Dvf5bMZJB6",,3.0,10.0,1478188810000,9:00 AM - 3 Nov 2016,/cineworld/status/794207549687885825,
1567719944-35069,https://twitter.com/search?f=tweets&q=%23allied%20since%3A2016-11-03%20until%3A2016-11-07&src=typd,@atestafyr,nanahAm1stDeplorable,"The Latest: #Turkey says #allied #SyrianRebels nearing #alBab

@realDonaldTrump
@LouDobbs @ericbolling @tammybruce

http://flip.it/HNmsPU",,,,1478453075000,9:24 AM - 6 Nov 2016,/atestafyr/status/795315960056053760,
1567719944-35079,https://twitter.com/search?f=tweets&q=%23allied%20since%3A2016-11-03%20until%3A2016-11-07&src=typd,@BradPitt_Online,BradPitt_offline,the movie campaign opened in China #Allied pic.twitter.com/nR69WUS3kj,1.0,4.0,13.0,1478402804000,8:26 PM - 5 Nov 2016,/BradPitt_Online/status/795105108665270272,
1567719944-35068,https://twitter.com/search?f=tweets&q=%23allied%20since%3A2016-11-03%20until%3A2016-11-07&src=typd,@HeathCorson,Heath Corson,Will #Allied be more fun if I watching it as the prequel to Inglorious Bastards? #FireTheHeadCanon,,,,1478454462000,9:47 AM - 6 Nov 2016,/HeathCorson/status/795321774766292992,
1567719944-35188,https://twitter.com/search?f=tweets&q=%23allied%20since%3A2016-11-03%20until%3A2016-11-07&src=typd,@Classic_Man5,"Saeedo, Esq.  🇵🇸 🇺🇸",I think I just saw a commercial for an adult Mr. & Mrs. Smith #Allied,1.0,,,1478137562000,6:46 PM - 2 Nov 2016,/Classic_Man5/status/793992599740841984,
1567719944-35137,https://twitter.com/search?f=tweets&q=%23allied%20since%3A2016-11-03%20until%3A2016-11-07&src=typd,@paramountnz,Paramount PicturesNZ,Is this a test? #Allied - In NZ theatres November 24. pic.twitter.com/2FRjE1KKQd,,,1.0,1478223678000,6:41 PM - 3 Nov 2016,/paramountnz/status/794353799351570432,
1567719944-35110,https://twitter.com/search?f=tweets&q=%23allied%20since%3A2016-11-03%20until%3A2016-11-07&src=typd,@AlliedMovie,Allied Movie,Find the truth. Trust no one. #Allied pic.twitter.com/f1niyL5ovK,,20.0,33.0,1478283336000,11:15 AM - 4 Nov 2016,/AlliedMovie/status/794604022627872768,
1567719944-35171,https://twitter.com/search?f=tweets&q=%23allied%20since%3A2016-11-03%20until%3A2016-11-07&src=typd,@uipmoviesph,UIP Movies PH,"When everything is questioned, who can you trust? Brad Pitt and Marion Cotillard star in #ALLIED – In cinemas NOVEMBER 23. pic.twitter.com/pS64WxHdbl",,,,1478169935000,3:45 AM - 3 Nov 2016,/uipmoviesph/status/794128381558165504,
1567719944-35112,https://twitter.com/search?f=tweets&q=%23allied%20since%3A2016-11-03%20until%3A2016-11-07&src=typd,@cinefilosaurio,José Alejandro,Poster de #Allied lo último del maestro Robert Zemeckis. Le tengo muchísimas ganas a esta película asi que espero que llegue pronto a Chile. pic.twitter.com/1M5Oikk1ID,,1.0,,1478282081000,10:54 AM - 4 Nov 2016,/cinefilosaurio/status/794598756880683008,
1567719944-35184,https://twitter.com/search?f=tweets&q=%23allied%20since%3A2016-11-03%20until%3A2016-11-07&src=typd,@rmdash,Ray,#allied pitch: it's like #dunkirk but with Brad Pitt. #fail,,,,1478137658000,6:47 PM - 2 Nov 2016,/rmdash/status/793993006101630976,
1567719944-35103,https://twitter.com/search?f=tweets&q=%23allied%20since%3A2016-11-03%20until%3A2016-11-07&src=typd,@MovieLaLa,MovieLaLa,A new #Poster of #Allied was just released. Enjoy! https://goo.gl/l44mDI,,2.0,,1478322549000,10:09 PM - 4 Nov 2016,/MovieLaLa/status/794768492046221312,
1567719944-35160,https://twitter.com/search?f=tweets&q=%23allied%20since%3A2016-11-03%20until%3A2016-11-07&src=typd,@UniversalPicsIt,Universal Pictures,"Dal regista di Forrest Gump, Cast Away e Flight, un thriller affascinante che vi lascerà a bocca aperta. #Allied, dal 12 gennaio al cinema. pic.twitter.com/rV9Ms1ENQp",,1.0,14.0,1478188802000,9:00 AM - 3 Nov 2016,/UniversalPicsIt/status/794207515491696641,
1567719944-35174,https://twitter.com/search?f=tweets&q=%23allied%20since%3A2016-11-03%20until%3A2016-11-07&src=typd,@ParamountPicsIN,Paramount India,Can he uncover the truth? #Allied pic.twitter.com/bTSzHpghid,,3.0,3.0,1478164593000,2:16 AM - 3 Nov 2016,/ParamountPicsIN/status/794105976211111937,
1567719944-35124,https://twitter.com/search?f=tweets&q=%23allied%20since%3A2016-11-03%20until%3A2016-11-07&src=typd,@IndianAcers,Indian Conventions (Talees Rizvi),"Nominations open Healthcare Awards #Medicine, #Equipment, #Doctors, #Allied Services and #Legal http://www.indianconventions.com",,,,1478262080000,5:21 AM - 4 Nov 2016,/IndianAcers/status/794514869005320192,
1567719944-35101,https://twitter.com/search?f=tweets&q=%23allied%20since%3A2016-11-03%20until%3A2016-11-07&src=typd,@ParamountUK,Paramount Pictures,"""Do you trust her?"" A couple face the ultimate test in #Allied from #ForrestGump's Robert Zemeckis & starring #BradPitt & #MarionCotillard.pic.twitter.com/RwaIMtz17E",4.0,62.0,216.0,1478340006000,3:00 AM - 5 Nov 2016,/ParamountUK/status/794841712401084416,
1567719944-35106,https://twitter.com/search?f=tweets&q=%23allied%20since%3A2016-11-03%20until%3A2016-11-07&src=typd,@CineroomTweets,𝘾𝙞𝙣𝙚𝙧𝙤𝙤𝙢 | 𝘼𝙙𝙖𝙢 𝙍𝙖𝙮 𝙋𝙖𝙡𝙢𝙚𝙧,Some corkers are out this November! http://www.cineroom.co.uk/the-features/films-for-november16 … -#FantasticBeasts #Allied #Arrival #TheAccountant #NocturnalAnimals #Indignation,,,1.0,1478296803000,3:00 PM - 4 Nov 2016,/CineroomTweets/status/794660504991977473,
1567719944-35064,https://twitter.com/search?f=tweets&q=%23allied%20since%3A2016-11-03%20until%3A2016-11-07&src=typd,@e1stev0,Steve G Robles  👾,Why is Brad Pitt always fighting nazis? #nazi #bradpitt #ingloriousbasterds #fury #allied #alliedmovie,,,1.0,1478459528000,11:12 AM - 6 Nov 2016,/e1stev0/status/795343022787432448,
1567719944-35116,https://twitter.com/search?f=tweets&q=%23allied%20since%3A2016-11-03%20until%3A2016-11-07&src=typd,@tennesseecompan,tennessee companies,"Company profile ALLIED ELECTRICAL CONTRACTORS, INC. - http://www.tennesseecompanies.org/allied-electrical-contractors-inc-000160298 …  #ALLIED #ELECTRICAL #CONTRACTORS, #INC.",,,,1478271576000,7:59 AM - 4 Nov 2016,/tennesseecompan/status/794554698502172674,
1567719944-35070,https://twitter.com/search?f=tweets&q=%23allied%20since%3A2016-11-03%20until%3A2016-11-07&src=typd,@ParamountUKR,Paramount UA,"У грудні її таємниця розкриється кожному.
#ШпигуниСоюзники #Allied pic.twitter.com/w85haDCImx",,,,1478440664000,5:57 AM - 6 Nov 2016,/ParamountUKR/status/795263904066768896,
1567719944-35092,https://twitter.com/search?f=tweets&q=%23allied%20since%3A2016-11-03%20until%3A2016-11-07&src=typd,@AlexCiech,Alex Ciechanowski,Wild guess: Brad Pitt is actually the spy in #Allied,,,,1478359082000,8:18 AM - 5 Nov 2016,/AlexCiech/status/794921724466831361,
1567719944-35071,https://twitter.com/search?f=tweets&q=%23allied%20since%3A2016-11-03%20until%3A2016-11-07&src=typd,@apriiilrosales,April Rosales,#Allied on nov.23 this movie i gott watch solo,,,,1478437072000,4:57 AM - 6 Nov 2016,/apriiilrosales/status/795248836134379520,
1567719944-35143,https://twitter.com/search?f=tweets&q=%23allied%20since%3A2016-11-03%20until%3A2016-11-07&src=typd,@TubeFear,F e a r   T u b e,Causes of #Ww2 - History of Germany (till ... - http://feartube.com/causes-of-ww2-history-of-germany-till-1939_full-length-documentary-film-with-original-footages/ … #Adolf #Allied #Battle #Color #English #First #FORCES #Frontpic.twitter.com/y3n2NPLfha,,,,1478209787000,2:49 PM - 3 Nov 2016,/TubeFear/status/794295535469522947,
1567719944-35144,https://twitter.com/search?f=tweets&q=%23allied%20since%3A2016-11-03%20until%3A2016-11-07&src=typd,@tthizz,toddthatcher,@AwardsCircuit @AwardsDaily @InSessionFilm @videovangaurd https://toddmthatcher.com/2016/11/03/todds-weekly-oscar-predictions-november-3rd-edition/ … #arrivalmovie #lalaland #Fences #Allied #Oscars,,1.0,,1478209438000,2:43 PM - 3 Nov 2016,/tthizz/status/794294073032986626,
1567719944-35090,https://twitter.com/search?f=tweets&q=%23allied%20since%3A2016-11-03%20until%3A2016-11-07&src=typd,@ParamountUK,Paramount Pictures,"Innocent looks can be deceiving. #Allied, November 25. pic.twitter.com/n8zXWyXNbM",9.0,53.0,181.0,1478365206000,10:00 AM - 5 Nov 2016,/ParamountUK/status/794947409583345664,
1567719944-35166,https://twitter.com/search?f=tweets&q=%23allied%20since%3A2016-11-03%20until%3A2016-11-07&src=typd,@Cinetvlandia,Cinetvlandia,"Nuovo poster italiano #Allied con #BradPitt #MarionCotillard
@BradPittsPage @AlliedMovie @Uci_Cinemas @BradPittWeb http://www.cinetvlandia.it/cinema/allied-di-zemeckis-con-brad-pitt-e-marion-cotillard-nuovo-poster-ufficiale-italiano …pic.twitter.com/H3imhvDuK7",,,,1478180978000,6:49 AM - 3 Nov 2016,/Cinetvlandia/status/794174699215486977,
1567719944-35151,https://twitter.com/search?f=tweets&q=%23allied%20since%3A2016-11-03%20until%3A2016-11-07&src=typd,@AlliedMovie,Allied Movie,Is everything as it seems? #Allied pic.twitter.com/Uh6afbscrO,,14.0,21.0,1478202029000,12:40 PM - 3 Nov 2016,/AlliedMovie/status/794262996931383296,
1567719944-35150,https://twitter.com/search?f=tweets&q=%23allied%20since%3A2016-11-03%20until%3A2016-11-07&src=typd,@ParamountIRL,Paramount Pictures,Will he uncover the truth? All will be revealed November 25. #Allied pic.twitter.com/SIAF0iF7md,,,2.0,1478203207000,1:00 PM - 3 Nov 2016,/ParamountIRL/status/794267936118575104,
1567719944-35123,https://twitter.com/search?f=tweets&q=%23allied%20since%3A2016-11-03%20until%3A2016-11-07&src=typd,@IndianAcers,Indian Conventions (Talees Rizvi),"Nominations open Healthcare Awards #Medicine, #Equipment, #Doctors, #Allied Services and #Legal http://www.indianconventions.com",,,,1478262099000,5:21 AM - 4 Nov 2016,/IndianAcers/status/794514947388502016,
1567719944-35195,https://twitter.com/search?f=tweets&q=%23allied%20since%3A2016-11-03%20until%3A2016-11-07&src=typd,@KrisCaroline,Kristen Caroline  ♏ 🐘 🦖,Isnt the new movie #Allied exactly like Mr and Mrs Smith ... AND they had the nerve to cast Brad Pitt as the leading man too.... hmmm,,,1.0,1478134779000,5:59 PM - 2 Nov 2016,/KrisCaroline/status/793980929190559744,
1567719944-35177,https://twitter.com/search?f=tweets&q=%23allied%20since%3A2016-11-03%20until%3A2016-11-07&src=typd,@App_al_Cinema,App al Cinema,Il poster italiano di #Allied di #RobertZemeckis con #BradPitt e #MarionCotillard http://www.appalcinema.it/films/allied  @UniversalPicsItpic.twitter.com/iJkGSXTonA,,,,1478161844000,1:30 AM - 3 Nov 2016,/App_al_Cinema/status/794094447403429888,
1567719944-35135,https://twitter.com/search?f=tweets&q=%23allied%20since%3A2016-11-03%20until%3A2016-11-07&src=typd,@ParamountAU,Paramount Pictures,"He’s had enemies before, but never this close.
See #BradPitt​ with #MarionCotillard​ in #Allied in cinemas Boxing Day. pic.twitter.com/1NJZr9E0BK",,5.0,13.0,1478238304000,10:45 PM - 3 Nov 2016,/ParamountAU/status/794415142763044865,
1567719944-35168,https://twitter.com/search?f=tweets&q=%23allied%20since%3A2016-11-03%20until%3A2016-11-07&src=typd,@controcampus,Controcampus,"La vera storia di #Allied di
#RobertZemeckis con 
#BradPitt e #MarionCotillard 
Guarda qui il trailer italiano
http://www.controcampus.it/2016/11/allied-unombra-nascosta-trailer-ita-e-recensione-nuovo-film-con-brad-pitt/ …",,,,1478174387000,4:59 AM - 3 Nov 2016,/controcampus/status/794147058336886786,
1567719944-35149,https://twitter.com/search?f=tweets&q=%23allied%20since%3A2016-11-03%20until%3A2016-11-07&src=typd,@CineroomTweets,𝘾𝙞𝙣𝙚𝙧𝙤𝙤𝙢 | 𝘼𝙙𝙖𝙢 𝙍𝙖𝙮 𝙋𝙖𝙡𝙢𝙚𝙧,Two of our picks are out tomorrow! http://www.cineroom.co.uk/the-features/films-for-november16 … - #FantasticBeasts #Allied #Arrival #TheAccountant #NocturnalAnimals #Indignation,,1.0,1.0,1478205001000,1:30 PM - 3 Nov 2016,/CineroomTweets/status/794275460276424704,
1567719944-35122,https://twitter.com/search?f=tweets&q=%23allied%20since%3A2016-11-03%20until%3A2016-11-07&src=typd,@IndianAcers,Indian Conventions (Talees Rizvi),"@RMLDelhi Nominations open Healthcare Awards #Medicine, #Equipment, #Doctors, #Allied Services and #Legal http://www.indianconventions.com",,,,1478262164000,5:22 AM - 4 Nov 2016,/IndianAcers/status/794515218483134465,
1567719944-35131,https://twitter.com/search?f=tweets&q=%23allied%20since%3A2016-11-03%20until%3A2016-11-07&src=typd,@MarkLeoOtto,Mark,#ALLIED #BradPitthttps://twitter.com/ParamountUK/status/794449120194744320 …,,,1.0,1478249982000,1:59 AM - 4 Nov 2016,/MarkLeoOtto/status/794464123383902210,
1567719944-35085,https://twitter.com/search?f=tweets&q=%23allied%20since%3A2016-11-03%20until%3A2016-11-07&src=typd,@LTLosAngeles,The Landmark & Regent Theatre,"Directed by #RobertZemeckis, #Allied opens at #TheLandmark on November 23! Tickets on sale soon: http://bddy.me/2fnf0W7  @AlliedMoviepic.twitter.com/FyWadYOTW1",,,2.0,1478376004000,1:00 PM - 5 Nov 2016,/LTLosAngeles/status/794992700969852930,
1567719944-35162,https://twitter.com/search?f=tweets&q=%23allied%20since%3A2016-11-03%20until%3A2016-11-07&src=typd,@lasguajolotas,Las Guajolotas,#Allied la nueva cinta Brad Pitt y la maravillosa actriz francesa Marion Cotillard. http://fb.me/6BVHG2EUI,,,,1478188087000,8:48 AM - 3 Nov 2016,/lasguajolotas/status/794204520481886208,
1567719944-35194,https://twitter.com/search?f=tweets&q=%23allied%20since%3A2016-11-03%20until%3A2016-11-07&src=typd,@iamevilgenius1,Negus,#Allied,,,,1478136826000,6:33 PM - 2 Nov 2016,/iamevilgenius1/status/793989512389132288,
1567719944-35102,https://twitter.com/search?f=tweets&q=%23allied%20since%3A2016-11-03%20until%3A2016-11-07&src=typd,@ulasanpilem,UlasanPilem,10 rekomendasi film bulan ini #FantasticBeasts #Allied #Moana  http://www.ulasanpilem.com/2016/11/rekom-nov-2016.html …pic.twitter.com/rIFx88Qjtz,,,,1478324122000,10:35 PM - 4 Nov 2016,/ulasanpilem/status/794775089560502272,
1567719854-35045,https://twitter.com/search?f=tweets&q=%23allied%20since%3A2016-11-02%20until%3A2016-11-03&src=typd,@vincenzolandino,Vincenzo Landino,Is @AlliedMovie just Mr and Mrs Smith set in WWII? #Allied,,1.0,7.0,1478062946000,10:02 PM - 1 Nov 2016,/vincenzolandino/status/793679638140559361,
1567719854-35047,https://twitter.com/search?f=tweets&q=%23allied%20since%3A2016-11-02%20until%3A2016-11-03&src=typd,@EastVillChris,🍸 undersecretary of lonely humid summer nights,"everything about the #Allied movie looks way too well-lit, way too clean. I hate clean well-lit pasts.",,,1.0,1478058879000,8:54 PM - 1 Nov 2016,/EastVillChris/status/793662580581605376,
1567719854-35053,https://twitter.com/search?f=tweets&q=%23allied%20since%3A2016-11-02%20until%3A2016-11-03&src=typd,@DataGroupUSA,DataGroup USA,#Chemicals #Allied #Wholesale : Nov 2016 market growth insecure. http://dg-di.us/DG/WMR/42469_L.htm … #Revenues #MarketResearchReports #mrx,,,,1478050448000,6:34 PM - 1 Nov 2016,/DataGroupUSA/status/793627220816359426,
1567719854-35058,https://twitter.com/search?f=tweets&q=%23allied%20since%3A2016-11-02%20until%3A2016-11-03&src=typd,@AdrienneLaw,Adrienne Lawrence - IG: @AdrienneLawrence,Anyone else gonna see #Allied cause you saw Mr. & Mrs. Smith and need closure?? #BeHonest,2.0,,5.0,1478047471000,5:44 PM - 1 Nov 2016,/AdrienneLaw/status/793614732779515905,
1567719854-35028,https://twitter.com/search?f=tweets&q=%23allied%20since%3A2016-11-02%20until%3A2016-11-03&src=typd,@AlliedMovie,Allied Movie,Can he uncover the truth? #Allied pic.twitter.com/49l1uEsqaD,,13.0,22.0,1478114435000,12:20 PM - 2 Nov 2016,/AlliedMovie/status/793895598436909056,
1567719854-35049,https://twitter.com/search?f=tweets&q=%23allied%20since%3A2016-11-02%20until%3A2016-11-03&src=typd,@flowrtattedgirl,TheDevilsInTheJenna,Has anyone ever noticed that every times Brad Pitt is in a new spy love story movie he ends up getting a divorce? #allied #cheater #bradpittpic.twitter.com/f2lxwX2bGy,,,1.0,1478054922000,7:48 PM - 1 Nov 2016,/flowrtattedgirl/status/793645985025122304,
1567719854-35022,https://twitter.com/search?f=tweets&q=%23allied%20since%3A2016-11-02%20until%3A2016-11-03&src=typd,@cailegdl,CAILE Guadalajara,"#CAILE a ver el trailer de #Allied, película que llegará a México en enero próximo :)
https://goo.gl/PJKHkR",,,,1478127617000,4:00 PM - 2 Nov 2016,/cailegdl/status/793950887215411200,
1567719854-35021,https://twitter.com/search?f=tweets&q=%23allied%20since%3A2016-11-02%20until%3A2016-11-03&src=typd,@sarahwrar,Sarah Linnell,"So #Allied is basically #MrAndMrsSmith but with Nazis, right? No judging, but...right?pic.twitter.com/ROVYBT2Cwn",,,,1478130132000,4:42 PM - 2 Nov 2016,/sarahwrar/status/793961436443713536,
1567719854-35026,https://twitter.com/search?f=tweets&q=%23allied%20since%3A2016-11-02%20until%3A2016-11-03&src=typd,@tracklistOST,Soundtrack Tracklist,Allied Soundtrack by #AlanSilvestri #Allied #soundtrack #tracklist #BradPitt #CD #MP3 #FilmScores http://soundtracktracklist.com/release/allied-soundtrack/ … via @tracklistOST,,,,1478115321000,12:35 PM - 2 Nov 2016,/tracklistOST/status/793899315685101568,
1567719854-35036,https://twitter.com/search?f=tweets&q=%23allied%20since%3A2016-11-02%20until%3A2016-11-03&src=typd,@tennesseecompan,tennessee companies,"Company profile ALLIED CONSTRUCTION, INC. - http://www.tennesseecompanies.org/allied-construction-inc-000035351 …  #ALLIED #CONSTRUCTION, #INC.",,1.0,1.0,1478080005000,2:46 AM - 2 Nov 2016,/tennesseecompan/status/793751191691857920,
1567719854-35040,https://twitter.com/search?f=tweets&q=%23allied%20since%3A2016-11-02%20until%3A2016-11-03&src=typd,@ParamountPicsIN,Paramount India,Deception is an art. #Allied pic.twitter.com/M2OX2uUnI7,,3.0,11.0,1478073487000,12:58 AM - 2 Nov 2016,/ParamountPicsIN/status/793723853063061505,
1567719854-35023,https://twitter.com/search?f=tweets&q=%23allied%20since%3A2016-11-02%20until%3A2016-11-03&src=typd,@lolathin,Lola Delgado,"El vestuario de #Aliados, un homenaje al #cine clásico https://m.facebook.com/retalesdeunidilio/ …
#Allied #moda #MarionCotillardpic.twitter.com/pSxQJith8Y",,3.0,5.0,1478127497000,3:58 PM - 2 Nov 2016,/lolathin/status/793950384452673536,
1567719854-35030,https://twitter.com/search?f=tweets&q=%23allied%20since%3A2016-11-02%20until%3A2016-11-03&src=typd,@ColoniumKoeln,TheEqualizer,"Why #USA arm so called @FreeSyrianArmy, which is #allied throughout #Syria with Al-Qaeda (JFS)? Suffer USA again ""Osama bin Laden syndrome""?https://twitter.com/michaelh992/status/793850482829778944 …",2.0,8.0,3.0,1478105742000,9:55 AM - 2 Nov 2016,/ColoniumKoeln/status/793859139059474432,
1567719854-35042,https://twitter.com/search?f=tweets&q=%23allied%20since%3A2016-11-02%20until%3A2016-11-03&src=typd,@WhatsUpHWood,What'sUpHollywood,Posted #Event info #Allied #FanEvent featuring #BradPitt #MarionCotillard and #RobertZemeckis. Details at http://WhatsUpHollywood.com,,,,1478067573000,11:19 PM - 1 Nov 2016,/WhatsUpHWood/status/793699047970185216,
1567719854-35031,https://twitter.com/search?f=tweets&q=%23allied%20since%3A2016-11-02%20until%3A2016-11-03&src=typd,@_reits,Real Estate News,"#Allied Properties Real Estate Investment Trust : November 01 , 2016 Allied Properties REI... Read more: http://owler.us/abNjOJ  $AP.UN",,,,1478102791000,9:06 AM - 2 Nov 2016,/_reits/status/793846761743749120,
1567719854-35057,https://twitter.com/search?f=tweets&q=%23allied%20since%3A2016-11-02%20until%3A2016-11-03&src=typd,@LaurenceWHolmes,Laurence Holmes,Thing I like about Brad Pitt: He likes to kill Nazis. I hate Illinois Nazis... #Allied,6.0,12.0,88.0,1478047500000,5:45 PM - 1 Nov 2016,/LaurenceWHolmes/status/793614855441907712,
1567719854-35056,https://twitter.com/search?f=tweets&q=%23allied%20since%3A2016-11-02%20until%3A2016-11-03&src=typd,@ChristianMel10,CSM,#allied movie looks like a combo of     Mr/Mrs. Smith with Inglorious Basterds. #bradpitt #movies #wontseeit,,,,1478047554000,5:45 PM - 1 Nov 2016,/ChristianMel10/status/793615081682702338,
1567719854-35050,https://twitter.com/search?f=tweets&q=%23allied%20since%3A2016-11-02%20until%3A2016-11-03&src=typd,@delikizzz,Peyveste,So #allied is basically Mr and Mrs smith but set in nazi Germany?,,,,1478054794000,7:46 PM - 1 Nov 2016,/delikizzz/status/793645447692754945,
1567719854-35041,https://twitter.com/search?f=tweets&q=%23allied%20since%3A2016-11-02%20until%3A2016-11-03&src=typd,@Paktutorial,Paktutorial,#Allied #Bank #Limited #Jobs #2016 #ABL #Career #Opportunities #in #Service #Excellence… https://goo.gl/fb/iQXivl,,,1.0,1478071987000,12:33 AM - 2 Nov 2016,/Paktutorial/status/793717559446999040,
1567719854-35054,https://twitter.com/search?f=tweets&q=%23allied%20since%3A2016-11-02%20until%3A2016-11-03&src=typd,@sarcasticmerm,Lil Sebastian,Is Brad Pitt just remaking Mr & Mrs Smith with German twist to find his next boo? #Allied,,,1.0,1478050346000,6:32 PM - 1 Nov 2016,/sarcasticmerm/status/793626791088889856,
1567719854-35055,https://twitter.com/search?f=tweets&q=%23allied%20since%3A2016-11-02%20until%3A2016-11-03&src=typd,@grcsanjose,Gerald Clarke,Is #bradgelina drama merely publicity for #allied?,,,,1478047639000,5:47 PM - 1 Nov 2016,/grcsanjose/status/793615438244515840,
1567719854-35038,https://twitter.com/search?f=tweets&q=%23allied%20since%3A2016-11-02%20until%3A2016-11-03&src=typd,@SupafootLtd,Supafoot Podiatry,Starting lectures at the BOFAS 2016 conference #allied healthprofessionals #footandankle #bofaspic.twitter.com/9kBUWeqS1k,,,,1478077666000,2:07 AM - 2 Nov 2016,/SupafootLtd/status/793741377486090240,
1567719854-35025,https://twitter.com/search?f=tweets&q=%23allied%20since%3A2016-11-02%20until%3A2016-11-03&src=typd,@reel_speak,Reel Speak,November Movie Preview: http://reelspeak.blogspot.com/2016/11/a-reel-preview-year-in-film-2016.html?spref=tw … #Movies #Oscars2017 #HacksawRidge #DoctorStrange #Allied #Arrival #Oscarspic.twitter.com/fZ6nYslIsQ,,,1.0,1478115537000,12:38 PM - 2 Nov 2016,/reel_speak/status/793900223126994948,
1567719854-35035,https://twitter.com/search?f=tweets&q=%23allied%20since%3A2016-11-02%20until%3A2016-11-03&src=typd,@ParamountUKR,Paramount UA,"Як думаєш, хто вони насправді?
#ШпигуниСоюзники #Allied pic.twitter.com/6bo4oEjFK7",,,,1478086605000,4:36 AM - 2 Nov 2016,/ParamountUKR/status/793778873016184832,
1567719854-35029,https://twitter.com/search?f=tweets&q=%23allied%20since%3A2016-11-02%20until%3A2016-11-03&src=typd,@KMHFleet,KMH Fleet,"#Shop our #online store - everything from your front door to your back dock:
#warehouse #supplies #allied
http://kmhsystems.theonlinecatalog.com/ pic.twitter.com/OwyYTeeYte",,,,1478113823000,12:10 PM - 2 Nov 2016,/KMHFleet/status/793893033121046529,
1567719854-35037,https://twitter.com/search?f=tweets&q=%23allied%20since%3A2016-11-02%20until%3A2016-11-03&src=typd,@4StarFilms,Four Star Films,Can she be trusted? #Allied across the #MiddleEast on #November24pic.twitter.com/Ql5BK6APUs,,,,1478077814000,2:10 AM - 2 Nov 2016,/4StarFilms/status/793741999451017217,
1567719854-35043,https://twitter.com/search?f=tweets&q=%23allied%20since%3A2016-11-02%20until%3A2016-11-03&src=typd,@ABathedAfrican,Marc.,#Allied starring Brad Pitt and Marion Cotillard,,,,1478064467000,10:27 PM - 1 Nov 2016,/ABathedAfrican/status/793686020374003712,
1567719854-35027,https://twitter.com/search?f=tweets&q=%23allied%20since%3A2016-11-02%20until%3A2016-11-03&src=typd,@CineroomTweets,𝘾𝙞𝙣𝙚𝙧𝙤𝙤𝙢 | 𝘼𝙙𝙖𝙢 𝙍𝙖𝙮 𝙋𝙖𝙡𝙢𝙚𝙧,Which film are you excited for? http://www.cineroom.co.uk/the-features/films-for-november16 … - #FantasticBeasts #Allied #Arrival #TheAccountant #NocturnalAnimals #Indignation,,1.0,1.0,1478115001000,12:30 PM - 2 Nov 2016,/CineroomTweets/status/793897975118499840,
1567719854-35034,https://twitter.com/search?f=tweets&q=%23allied%20since%3A2016-11-02%20until%3A2016-11-03&src=typd,@MelisUstundag,Melis Üstündağ,Bekleniyorsun <3 #Allied pic.twitter.com/zKIezwnNbK,1.0,,,1478088463000,5:07 AM - 2 Nov 2016,/MelisUstundag/status/793786665760325637,
1567719854-35024,https://twitter.com/search?f=tweets&q=%23allied%20since%3A2016-11-02%20until%3A2016-11-03&src=typd,@OnlyFilmMedia,Only Film Media,"New promo pics for #Allied (2016 film).
#BradPitt & #MarionCotillard.pic.twitter.com/NnroGon4kg",,,1.0,1478118000000,1:20 PM - 2 Nov 2016,/OnlyFilmMedia/status/793910550715588609,
1567719854-35032,https://twitter.com/search?f=tweets&q=%23allied%20since%3A2016-11-02%20until%3A2016-11-03&src=typd,@3cinematographe,Cinematographe.it,#Allied #UnOmbraNascosta Brad Pitt e Marion Cotillard nel poster italiano del film di Robert Zemeckis http://bit.ly/2eUVcuM,,,1.0,1478101548000,8:45 AM - 2 Nov 2016,/3cinematographe/status/793841549188759552,
1567719854-35039,https://twitter.com/search?f=tweets&q=%23allied%20since%3A2016-11-02%20until%3A2016-11-03&src=typd,@KREATIVHAUS_Bln,KREATIVHAUS,"Brad Pitt als Nazigegner? Alter Hut! Am Samstag könnt ihr Norman Rohde als Erich im ""Wiener Wald"" erleben. Entscheidet selbst. #allied #bzt",,,,1478076338000,1:45 AM - 2 Nov 2016,/KREATIVHAUS_Bln/status/793735811300724736,
1567719854-35048,https://twitter.com/search?f=tweets&q=%23allied%20since%3A2016-11-02%20until%3A2016-11-03&src=typd,@Road2Oscars,Brian Perry,"When's the last time you saw TWO #MarionCotillard trailers before a movie? I did.
#AssassinsCreed 
#Allied pic.twitter.com/EjNhot9mY5",,2.0,9.0,1478055707000,8:01 PM - 1 Nov 2016,/Road2Oscars/status/793649275213262848,
1567719854-35033,https://twitter.com/search?f=tweets&q=%23allied%20since%3A2016-11-02%20until%3A2016-11-03&src=typd,@Cinemamente,Cinemamente,Brad Pitt e Marion Cotillard nel poster italiano e nei #video di #Allied: Allied – Un’ombra… https://goo.gl/fb/1S1FXp,,,,1478101098000,8:38 AM - 2 Nov 2016,/Cinemamente/status/793839662364233728,
1567719854-35046,https://twitter.com/search?f=tweets&q=%23allied%20since%3A2016-11-02%20until%3A2016-11-03&src=typd,@HenYay,Barney Rubble Trouble,"But by then, #Arrival, Fantastic Beasts..., #Moana, #Allied, and Bad Santa 2 will also be in theaters.",,,1.0,1478062615000,9:56 PM - 1 Nov 2016,/HenYay/status/793678252283867137,
1567719854-35051,https://twitter.com/search?f=tweets&q=%23allied%20since%3A2016-11-02%20until%3A2016-11-03&src=typd,@TREYFARRELLL,TREY FARRELL  🔜 LOST LANDS  🦖,#Allied looks really good...like I'm so serious,,1.0,1.0,1478051447000,6:50 PM - 1 Nov 2016,/TREYFARRELLL/status/793631409797734400,
1567719854-35052,https://twitter.com/search?f=tweets&q=%23allied%20since%3A2016-11-02%20until%3A2016-11-03&src=typd,@harkherold,HarkHerold,"I feel icky-dirty voyeuristic watching ads for #Allied w/cheaty Brad & what's-her-homewrecker Cotillard.
Used to really them.
#TeamAngie",3.0,,1.0,1478051423000,6:50 PM - 1 Nov 2016,/harkherold/status/793631307263713280,
1567719854-35044,https://twitter.com/search?f=tweets&q=%23allied%20since%3A2016-11-02%20until%3A2016-11-03&src=typd,@vincenzolandino,Vincenzo Landino,To be completely honest #Allied just looks like the prequel to Mr. & Mrs. Smith. https://twitter.com/alliedmovie/status/793571212760715264 …,,,1.0,1478063230000,10:07 PM - 1 Nov 2016,/vincenzolandino/status/793680831617400832,
1567719999-35248,https://twitter.com/search?f=tweets&q=%23allied%20since%3A2016-11-07%20until%3A2016-11-09&src=typd,@ParamountIRL,Paramount Pictures,Innocent looks can be deceiving #Allied pic.twitter.com/xkUxWvxdo4,,,,1478535160000,8:12 AM - 7 Nov 2016,/ParamountIRL/status/795660248262459392,
1567719999-35209,https://twitter.com/search?f=tweets&q=%23allied%20since%3A2016-11-07%20until%3A2016-11-09&src=typd,@reeladvice,Jed Chua,Is it love or something menacing? It's #spyvsspy for Pitt in #Allied teasers. Catch both teasers and new poster now: http://www.reeladvice.net/2016/11/allied-teases-deception-and-betrayal-in.html …,,,1.0,1478615205000,6:26 AM - 8 Nov 2016,/reeladvice/status/795995979652599808,
1567719999-35215,https://twitter.com/search?f=tweets&q=%23allied%20since%3A2016-11-07%20until%3A2016-11-09&src=typd,@UniversalPicsIt,Universal Pictures,Cosa nascondo i loro sorrisi. Brad Bitt e Marion Cotilland vi aspettano nel nuovo film di Robert Zemeckis. #Allied #UnOmbraNascostapic.twitter.com/dVAK6PD18I,,3.0,24.0,1478595601000,1:00 AM - 8 Nov 2016,/UniversalPicsIt/status/795913755301474304,
1567719999-35211,https://twitter.com/search?f=tweets&q=%23allied%20since%3A2016-11-07%20until%3A2016-11-09&src=typd,@MumbaiTimesMT,MumbaiTimes,#Hollywood actor #BradPitt pulls out of #Allied promotions pic.twitter.com/eE1ajR4TIB,,,,1478612076000,5:34 AM - 8 Nov 2016,/MumbaiTimesMT/status/795982858993090562,
1567719999-35231,https://twitter.com/search?f=tweets&q=%23allied%20since%3A2016-11-07%20until%3A2016-11-09&src=typd,@TOIPhotogallery,TOI Photogallery,Hollywood actor #BradPitt pulls out of #Allied promotions pic.twitter.com/tclkcGHhlg,,,2.0,1478554200000,1:30 PM - 7 Nov 2016,/TOIPhotogallery/status/795740109643530241,
1567719999-35223,https://twitter.com/search?f=tweets&q=%23allied%20since%3A2016-11-07%20until%3A2016-11-09&src=typd,@louisrona,rona louis,#Allied https://www.youtube.com/watch?v=HSCQWX-pUSg …,,,,1478571929000,6:25 PM - 7 Nov 2016,/louisrona/status/795814466655031297,
1567719999-35201,https://twitter.com/search?f=tweets&q=%23allied%20since%3A2016-11-07%20until%3A2016-11-09&src=typd,@AlliedMovie,Allied Movie,We all have secrets. #Allied pic.twitter.com/OCL3WEMQ8G,,13.0,27.0,1478636749000,12:25 PM - 8 Nov 2016,/AlliedMovie/status/796086342732025856,
1567719999-35198,https://twitter.com/search?f=tweets&q=%23allied%20since%3A2016-11-07%20until%3A2016-11-09&src=typd,@CStaples87,chinodaman,#Allied https://www.youtube.com/watch?v=HSCQWX-pUSg …,,,,1478643429000,2:17 PM - 8 Nov 2016,/CStaples87/status/796114359533576192,
1567719999-35237,https://twitter.com/search?f=tweets&q=%23allied%20since%3A2016-11-07%20until%3A2016-11-09&src=typd,@pinkvilla,Pinkvilla,No! Brad Pitt pulls out of Allied promotions due to the messy Brangelina split! - http://www.pinkvilla.com/entertainment/news/365866/no-brad-pitt-pulls-out-allied-promotions-due-messy-brangelina-split … #Allied #BradPitt,1.0,,10.0,1478549571000,12:12 PM - 7 Nov 2016,/pinkvilla/status/795720691890982912,
1567719999-35242,https://twitter.com/search?f=tweets&q=%23allied%20since%3A2016-11-07%20until%3A2016-11-09&src=typd,@BrandoHD,Jardani Jovanovich,#Allied look like movie from movie land,,,,1478542649000,10:17 AM - 7 Nov 2016,/BrandoHD/status/795691657421266944,
1567719999-35236,https://twitter.com/search?f=tweets&q=%23allied%20since%3A2016-11-07%20until%3A2016-11-09&src=typd,@CineroomTweets,𝘾𝙞𝙣𝙚𝙧𝙤𝙤𝙢 | 𝘼𝙙𝙖𝙢 𝙍𝙖𝙮 𝙋𝙖𝙡𝙢𝙚𝙧,First week of November has passed: http://www.cineroom.co.uk/the-features/films-for-november16 … - #FantasticBeasts #Allied #Arrival #TheAccountant #NocturnalAnimals #Indignation,,,,1478550601000,12:30 PM - 7 Nov 2016,/CineroomTweets/status/795725013626327047,
1567719999-35205,https://twitter.com/search?f=tweets&q=%23allied%20since%3A2016-11-07%20until%3A2016-11-09&src=typd,@LexingtonVenue1,Lexington Venue,"#Allied starts November 23!
https://youtu.be/uSAnvPeFL2E",,,,1478633699000,11:34 AM - 8 Nov 2016,/LexingtonVenue1/status/796073551174533120,
1567719999-35229,https://twitter.com/search?f=tweets&q=%23allied%20since%3A2016-11-07%20until%3A2016-11-09&src=typd,@ModishMale,Charlie | Modish Male,Can't wait for this film to be released! @AlliedMovie #Allied #AlliedMovie https://youtu.be/Jlp94-C31cY,,,,1478555532000,1:52 PM - 7 Nov 2016,/ModishMale/status/795745692866281472,
1567719999-35217,https://twitter.com/search?f=tweets&q=%23allied%20since%3A2016-11-07%20until%3A2016-11-09&src=typd,@Moviejones,Moviejones,Romantische Spione: Brad Pitt und Marion Cotillard im neuen #Allied-Trailer von Regisseur Robert Zemeckis http://bit.ly/2fUPB9s pic.twitter.com/Dl4ejJlWbn,,,2.0,1478591403000,11:50 PM - 7 Nov 2016,/Moviejones/status/795896147453865984,
1567719999-35257,https://twitter.com/search?f=tweets&q=%23allied%20since%3A2016-11-07%20until%3A2016-11-09&src=typd,@ma000111,manooch kargar,"#kochbrothers  Secretly #Allied with #GeorgeSoros for #HillaryClinton against #DonaldTrump 

BY > @WashingtonsBlog

http://www.washingtonsblog.com/2016/11/koch-brothers-secretly-allied-w-george-soros-hillary-clinton.html …pic.twitter.com/p3Sn1uvQf1",,6.0,4.0,1478518260000,3:31 AM - 7 Nov 2016,/ma000111/status/795589364738887680,
1567719999-35265,https://twitter.com/search?f=tweets&q=%23allied%20since%3A2016-11-07%20until%3A2016-11-09&src=typd,@agk4444,#Rajanna,#Brad #Pitt #pulls out of '#Allied' #promotions https://www.socialnews.xyz/2016/11/07/brad-pitt-pulls-out-of-allied-promotions/ …pic.twitter.com/XshwrWuNkR,,,,1478506725000,12:18 AM - 7 Nov 2016,/agk4444/status/795540985002553344,
1567719999-35220,https://twitter.com/search?f=tweets&q=%23allied%20since%3A2016-11-07%20until%3A2016-11-09&src=typd,@TVGroove,tvgroove 海外セレブ／エンタメ／ファッションNews,"ブラッド・ピット、アンジェリーナ・ジョリーとの離婚騒動の余波で新作映画のプロモーションが危機状態に #brangelina #Allied 
☆詳しくはこちら↓↓↓　http://bit.ly/2fzwjSA",,3.0,12.0,1478577294000,7:54 PM - 7 Nov 2016,/TVGroove/status/795836969171329024,
1567719999-35235,https://twitter.com/search?f=tweets&q=%23allied%20since%3A2016-11-07%20until%3A2016-11-09&src=typd,@sunshin29661748,sunshine40,Looking for a job in #Allied or #HIM? We have them! #Healthcare #Staffing... http://ln.is/YfcDz  by #ProHealthUS via @c0nvey,,,,1478551252000,12:40 PM - 7 Nov 2016,/sunshin29661748/status/795727743673569281,
1567719999-35225,https://twitter.com/search?f=tweets&q=%23allied%20since%3A2016-11-07%20until%3A2016-11-09&src=typd,@pattay83,Patricia,#Allied https://www.youtube.com/watch?v=HSCQWX-pUSg …,,,,1478570185000,5:56 PM - 7 Nov 2016,/pattay83/status/795807154452066305,
1567719999-35230,https://twitter.com/search?f=tweets&q=%23allied%20since%3A2016-11-07%20until%3A2016-11-09&src=typd,@SebAmor1,Sebastien Amoroso,#Allied https://www.youtube.com/watch?v=HSCQWX-pUSg …,,,1.0,1478554883000,1:41 PM - 7 Nov 2016,/SebAmor1/status/795742971442253824,
1567719999-35268,https://twitter.com/search?f=tweets&q=%23allied%20since%3A2016-11-07%20until%3A2016-11-09&src=typd,@LFSCinemasMY,LFS Cinemas,"When everything is questioned, who can you trust? Brad Pitt and Marion Cotillard star in #ALLIED – In LFS Cinemas... http://fb.me/5BSw5Szrz",,,,1478487383000,6:56 PM - 6 Nov 2016,/LFSCinemasMY/status/795459855842680832,
1567719999-35227,https://twitter.com/search?f=tweets&q=%23allied%20since%3A2016-11-07%20until%3A2016-11-09&src=typd,@mrwillw,MR. WILL WONG  📸,Enter to #win Advance Passes to see #ALLIED in select cities! http://www.mrwillwong.com/allied pic.twitter.com/gVUIaGKiO8,,6.0,6.0,1478559131000,2:52 PM - 7 Nov 2016,/mrwillw/status/795760789793767425,
1567719999-35247,https://twitter.com/search?f=tweets&q=%23allied%20since%3A2016-11-07%20until%3A2016-11-09&src=typd,@SelenaGomesDC,Selena Gomez,#BradPitt Pulls Out Of Promotional Commitments For New Film #Allied Due To Messy Split With #AngelinaJolie!: Brad Pitt… #Celebrity #Newspic.twitter.com/r8OnNmTHhU,,,1.0,1478535198000,8:13 AM - 7 Nov 2016,/SelenaGomesDC/status/795660406253449216,
1567719999-35214,https://twitter.com/search?f=tweets&q=%23allied%20since%3A2016-11-07%20until%3A2016-11-09&src=typd,@eco_canarias,El Eco de Canarias,#GranCanaria luce en #Londres con #BradPitt y #MarionCotillard en carteles película #Allied  http://www.elecodecanarias.com/2016/11/gran-canaria-luce-en-londres-con-brad-pitt-pelicula-allied.html …,,1.0,,1478604065000,3:21 AM - 8 Nov 2016,/eco_canarias/status/795949255932387328,
1567719999-35261,https://twitter.com/search?f=tweets&q=%23allied%20since%3A2016-11-07%20until%3A2016-11-09&src=typd,@uipmoviesph,UIP Movies PH,How well do you know the one you love? Brad Pitt and Marion Cotillard star in #ALLIED – In Cinemas NOVEMBER 23. pic.twitter.com/SDWwOiPp3U,,2.0,2.0,1478511810000,1:43 AM - 7 Nov 2016,/uipmoviesph/status/795562311553425409,
1567719999-35199,https://twitter.com/search?f=tweets&q=%23allied%20since%3A2016-11-07%20until%3A2016-11-09&src=typd,@BenMkWrites,The Reel Roundup @ #TIFF19,"#CONTEST: See Brad Pitt & Marion Cotillard in #ALLIED on 11/21! RT, FOLLOW + Reply with your city to enter to win passes! #TORONTO #MONTREALpic.twitter.com/X904tkZvwr",97.0,99.0,40.0,1478643050000,2:10 PM - 8 Nov 2016,/BenMkWrites/status/796112772157341696,
1567719999-35204,https://twitter.com/search?f=tweets&q=%23allied%20since%3A2016-11-07%20until%3A2016-11-09&src=typd,@virgo_27,Persevere,Ange Cont's to Win @voguemagazine sardonic laughter over attempt at winning #Allied prob win Oscars #nicetry @ deflection. Def gonna see it,,,,1478635173000,11:59 AM - 8 Nov 2016,/virgo_27/status/796079731565207552,
1567719999-35244,https://twitter.com/search?f=tweets&q=%23allied%20since%3A2016-11-07%20until%3A2016-11-09&src=typd,@ProHealthUS,ProHealth Staffing,Looking for a job in #Allied or #HIM? We have them! #Healthcare #Staffing #SuccessStartsHere http://bit.ly/2fGlZgB,,,1.0,1478538002000,9:00 AM - 7 Nov 2016,/ProHealthUS/status/795672169225351169,
1567719999-35253,https://twitter.com/search?f=tweets&q=%23allied%20since%3A2016-11-07%20until%3A2016-11-09&src=typd,@WomansDayAus,Woman's Day magazine,#BradPitt has reportedly pulled the pin on all upcoming press for his highly-anticipated film #Allied: http://oak.ctx.ly/r/57wlr pic.twitter.com/dxY5zAIUMR,,,1.0,1478527263000,6:01 AM - 7 Nov 2016,/WomansDayAus/status/795627124023402496,
1567719999-35196,https://twitter.com/search?f=tweets&q=%23allied%20since%3A2016-11-07%20until%3A2016-11-09&src=typd,@BestMom007,Jules,#Allied,,,,1478645122000,2:45 PM - 8 Nov 2016,/BestMom007/status/796121461765378050,
1567719999-35267,https://twitter.com/search?f=tweets&q=%23allied%20since%3A2016-11-07%20until%3A2016-11-09&src=typd,@LFSCinemasMY,LFS Cinemas,"When everything is questioned, who can you trust? Brad Pitt and Marion Cotillard star in #ALLIED – In #LFSCinemas... http://fb.me/Ue1aB4HK",,,,1478487453000,6:57 PM - 6 Nov 2016,/LFSCinemasMY/status/795460151469899781,
1567719999-35241,https://twitter.com/search?f=tweets&q=%23allied%20since%3A2016-11-07%20until%3A2016-11-09&src=typd,@AwardsCircuit,Clayton Davis,2017 Oscar Predictions-Best Picture http://www.awardscircuit.com/oscar-predictions/oscar-predictions-best-motion-picture/ … #Fences #Moonlight #LiveByNight #Arrival #Silence #Lion #Allied #Loving #TheBFG,,1.0,2.0,1478545743000,11:09 AM - 7 Nov 2016,/AwardsCircuit/status/795704634891522048,
1567719999-35232,https://twitter.com/search?f=tweets&q=%23allied%20since%3A2016-11-07%20until%3A2016-11-09&src=typd,@RealEstateShay,Shay Jordan,"Oh, I get it now! Every time Brad Pitt does a sexy spy movie one relationship is over and another begins. #Allied",,,,1478554148000,1:29 PM - 7 Nov 2016,/RealEstateShay/status/795739887744020480,
1567719999-35221,https://twitter.com/search?f=tweets&q=%23allied%20since%3A2016-11-07%20until%3A2016-11-09&src=typd,@Lindazirkus,Linda  ✂ Zirkus,BTS #repostapp #lindazirkus #tvandfilm #hairstylist #LA #1940's #allied #celebrities… https://www.instagram.com/p/BMiMNRxjRP1/,,,1.0,1478576030000,7:33 PM - 7 Nov 2016,/Lindazirkus/status/795831670930833409,
1567719999-35243,https://twitter.com/search?f=tweets&q=%23allied%20since%3A2016-11-07%20until%3A2016-11-09&src=typd,@ParamountUK,Paramount Pictures,#BradPitt has 72 hours to discover the truth. See #Allied in cinemas November 25. pic.twitter.com/WDKW6SMs7B,,18.0,46.0,1478538005000,9:00 AM - 7 Nov 2016,/ParamountUK/status/795672181636108288,
1567719999-35260,https://twitter.com/search?f=tweets&q=%23allied%20since%3A2016-11-07%20until%3A2016-11-09&src=typd,@ParamountPicsIN,Paramount India,Whose side is she on? #Allied pic.twitter.com/5IgCNZZhsr,,5.0,8.0,1478512442000,1:54 AM - 7 Nov 2016,/ParamountPicsIN/status/795564961120432128,
1567719999-35226,https://twitter.com/search?f=tweets&q=%23allied%20since%3A2016-11-07%20until%3A2016-11-09&src=typd,@DataGroupUSA,DataGroup USA,#Dental #Equipment #Allied : sparse market & profit growth in Nov 2016. http://dg-di.us/DG/WMR/S0813_M.htm … #MarketResearch #Statistics,,,,1478563453000,4:04 PM - 7 Nov 2016,/DataGroupUSA/status/795778918720688128,
1567719999-35252,https://twitter.com/search?f=tweets&q=%23allied%20since%3A2016-11-07%20until%3A2016-11-09&src=typd,@ParamountUKR,Paramount UA,Б’ємось об заклад – такого стильного спецагента ви ще ніколи не бачили. #ШпигуниСоюзники #Allied pic.twitter.com/axI3PgSLoD,,,,1478528470000,6:21 AM - 7 Nov 2016,/ParamountUKR/status/795632187387342852,
1567719999-35262,https://twitter.com/search?f=tweets&q=%23allied%20since%3A2016-11-07%20until%3A2016-11-09&src=typd,@Universal_NL,Universal Pictures,De nieuwe filmposter van #Allied. 12 januari in de bioscoop. Met #BradPitt #MarionCotillard van regisseur #RobertZemeckis.pic.twitter.com/MwDD15kg6R,,1.0,2.0,1478509144000,12:59 AM - 7 Nov 2016,/Universal_NL/status/795551130705154049,
1567719999-35251,https://twitter.com/search?f=tweets&q=%23allied%20since%3A2016-11-07%20until%3A2016-11-09&src=typd,@Moviejones,Moviejones,Romantische Spione: Brad Pitt und Marion Cotillard im neuen #Allied-Trailer von Regisseur Robert Zemeckis http://bit.ly/2fT8rNZ pic.twitter.com/o0f8Wdi8Oe,,,1.0,1478530821000,7:00 AM - 7 Nov 2016,/Moviejones/status/795642047810117636,
1567719999-35200,https://twitter.com/search?f=tweets&q=%23allied%20since%3A2016-11-07%20until%3A2016-11-09&src=typd,@0marShareef,Omar Shareef,#Allied https://www.youtube.com/watch?v=HSCQWX-pUSg …,,,,1478642384000,1:59 PM - 8 Nov 2016,/0marShareef/status/796109979178663936,
1567719999-35207,https://twitter.com/search?f=tweets&q=%23allied%20since%3A2016-11-07%20until%3A2016-11-09&src=typd,@bbcexpat,Pete,"Whenever I see the poster or trailer of this film, I only think of carpets #Allied @AlliedMoviepic.twitter.com/jbwzB6Z1ML",,,1.0,1478627522000,9:52 AM - 8 Nov 2016,/bbcexpat/status/796047642698612736,
1567719999-35263,https://twitter.com/search?f=tweets&q=%23allied%20since%3A2016-11-07%20until%3A2016-11-09&src=typd,@htshowbiz,HT Entertainment,"#BradPitt pulls out of all promotional commitments for #Allied following split from #AngelinaJolie 
http://read.ht/BN1c pic.twitter.com/C7xQaDSU1e",,1.0,7.0,1478508413000,12:46 AM - 7 Nov 2016,/htshowbiz/status/795548062869385216,
1567719999-35219,https://twitter.com/search?f=tweets&q=%23allied%20since%3A2016-11-07%20until%3A2016-11-09&src=typd,@the_va_va_voom,Wendy Thomas,Strong and fearless #MarionCotillard in #Allied https://twitter.com/paramountuk/status/795204103827701761 …,,,,1478580056000,8:40 PM - 7 Nov 2016,/the_va_va_voom/status/795848553662967812,
1567719999-35206,https://twitter.com/search?f=tweets&q=%23allied%20since%3A2016-11-07%20until%3A2016-11-09&src=typd,@Pure_Logistics,Pure_Logistics,#Chemical #Allied #Wholesalers : Nov 2016 market growth fragile. http://dg-di.us/DG/WMR/42269.htm … #Revenues #MarketResearchReports #Demand,,,,1478631533000,10:58 AM - 8 Nov 2016,/Pure_Logistics/status/796064467238981636,
1567719999-35224,https://twitter.com/search?f=tweets&q=%23allied%20since%3A2016-11-07%20until%3A2016-11-09&src=typd,@ValxLara,Tatiana Lara,#Allied https://www.youtube.com/watch?v=HSCQWX-pUSg …,,,,1478570562000,6:02 PM - 7 Nov 2016,/ValxLara/status/795808734597378048,
1567719999-35238,https://twitter.com/search?f=tweets&q=%23allied%20since%3A2016-11-07%20until%3A2016-11-09&src=typd,@3tking,σ∂єу т. вєη‎נαмιη,#3tking #Allied: what happens when a #film gets eclipsed by gossip https://goo.gl/fb/yJPspN  #celebrity #socialmedia,,,1.0,1478549356000,12:09 PM - 7 Nov 2016,/3tking/status/795719790589571072,
1567719999-35240,https://twitter.com/search?f=tweets&q=%23allied%20since%3A2016-11-07%20until%3A2016-11-09&src=typd,@allentheatres,Allen Theatres,"Behind enemy lines, trust no one. #Allied arrives in theatres November 23rd
#AllenTheatres Watch the trailer https://youtu.be/XAN5b15mu1I pic.twitter.com/XbNzwiKoBB",,,,1478545829000,11:10 AM - 7 Nov 2016,/allentheatres/status/795704996432056320,
1567719999-35216,https://twitter.com/search?f=tweets&q=%23allied%20since%3A2016-11-07%20until%3A2016-11-09&src=typd,@SierraUniEcho,Sue  🇪🇺,"8.11.1942 Operation Torch, the #Allied invasion of North Africa, began #OTD #NorthAfricanCampaign #WWII #WW2pic.twitter.com/6IGtVn3FW3",,2.0,,1478593952000,12:32 AM - 8 Nov 2016,/SierraUniEcho/status/795906840492130304,
1567719999-35255,https://twitter.com/search?f=tweets&q=%23allied%20since%3A2016-11-07%20until%3A2016-11-09&src=typd,@dailypakistangl,Daily Pakistan Global,"#PittBradpitt pulls out of promo commitments for ‘#Allied’ following split with #AngelinaJolie .
Read More:https://en.dailypakistan.com.pk/lifestyle/bradpitt-pulls-out-of-promo-commitments-for-allied-following-split-with-angelina/ …pic.twitter.com/pmPlMccr2k",,1.0,,1478520613000,4:10 AM - 7 Nov 2016,/dailypakistangl/status/795599231780290562,
1567719999-35266,https://twitter.com/search?f=tweets&q=%23allied%20since%3A2016-11-07%20until%3A2016-11-09&src=typd,@psturgis9105,⚜️Peter G.Sturgis ⚜️,#Listen #to #the #Supreme #Allied #Commander https://www.instagram.com/p/BMfxxQTDDzk/,,,,1478495060000,9:04 PM - 6 Nov 2016,/psturgis9105/status/795492057544556544,
1567719999-35202,https://twitter.com/search?f=tweets&q=%23allied%20since%3A2016-11-07%20until%3A2016-11-09&src=typd,@thebandrumors,BandRumors,Is #BradPitt's messy divorce interfering with his work? He just bailed on all his #Allied promotions! Read here: http://goo.gl/vtt6rc pic.twitter.com/OdGtOBF7Gh,,,,1478636553000,12:22 PM - 8 Nov 2016,/thebandrumors/status/796085521655144448,
1567719999-35222,https://twitter.com/search?f=tweets&q=%23allied%20since%3A2016-11-07%20until%3A2016-11-09&src=typd,@TMML,TheMovieMyLife,"ALLIED (2016): http://bit.ly/2aQBj8R            
#Allied #BradPitt #MarionCotillardpic.twitter.com/qZndX6gsm4",,1.0,1.0,1478572234000,6:30 PM - 7 Nov 2016,/TMML/status/795815746966265856,
1567719999-35246,https://twitter.com/search?f=tweets&q=%23allied%20since%3A2016-11-07%20until%3A2016-11-09&src=typd,@JustinBiebrNY,Justin Bieber,#BradPitt Pulls Out Of Promotional Commitments For New Film #Allied Due To Messy Split With #AngelinaJolie!: Brad Pitt… #Celebrity #Newspic.twitter.com/DHgDl3zMHl,,,,1478535208000,8:13 AM - 7 Nov 2016,/JustinBiebrNY/status/795660449664512001,
1567719999-35212,https://twitter.com/search?f=tweets&q=%23allied%20since%3A2016-11-07%20until%3A2016-11-09&src=typd,@LehrenNetworks,Lehren Networks,Brad Pitt and Angelina Jolie reaches the decision of custody  http://tinyurl.com/nlq8p5f  #Brad Pitt #Angelina Jolie #Allied,,,,1478611876000,5:31 AM - 8 Nov 2016,/LehrenNetworks/status/795982019972870144,
1567719999-35239,https://twitter.com/search?f=tweets&q=%23allied%20since%3A2016-11-07%20until%3A2016-11-09&src=typd,@etimes,ETimes,"#BradPitt has pulled out of all his promotional commitments for his new movie #Allied

https://goo.gl/DRJrgA",,2.0,4.0,1478548804000,12:00 PM - 7 Nov 2016,/etimes/status/795717475153432577,
1567719999-35249,https://twitter.com/search?f=tweets&q=%23allied%20since%3A2016-11-07%20until%3A2016-11-09&src=typd,@Kinepolis_NL,Kinepolis Nederland,"Liefde, oorlog en stijl komen samen op nieuwe poster van #Allied met #BradPitt en #MarionCotillard. 12.01.2017pic.twitter.com/vNuqAK1W2n",,,,1478533502000,7:45 AM - 7 Nov 2016,/Kinepolis_NL/status/795653296149012480,
1567719999-35210,https://twitter.com/search?f=tweets&q=%23allied%20since%3A2016-11-07%20until%3A2016-11-09&src=typd,@AwardsToday,Awards Today,"Poster Asiatico per #Allied

In uscita non più il 24 Novembre bensì il 12 Gennaio 2017, il nuovo film di Robert... http://fb.me/7mUxOLasi",,,,1478613602000,6:00 AM - 8 Nov 2016,/AwardsToday/status/795989257575952384,
1567719999-35269,https://twitter.com/search?f=tweets&q=%23allied%20since%3A2016-11-07%20until%3A2016-11-09&src=typd,@ischanpogi,;,Second Pyramid! #proud #cheerdancer #puso #laban #pink #allied #case #casenation https://www.instagram.com/p/BMfibrUhUB7/,,,1.0,1478487020000,6:50 PM - 6 Nov 2016,/ischanpogi/status/795458335331889152,
1567719999-35254,https://twitter.com/search?f=tweets&q=%23allied%20since%3A2016-11-07%20until%3A2016-11-09&src=typd,@ambermercer09,Another one.,#allied movie  the leading lady is going to be brad pits new wife.,,,,1478524198000,5:09 AM - 7 Nov 2016,/ambermercer09/status/795614272244109313,
1567719999-35213,https://twitter.com/search?f=tweets&q=%23allied%20since%3A2016-11-07%20until%3A2016-11-09&src=typd,@PureDecisions,PureDecisions,#Paint #Putty #Allied : shallow market & profit growth in Nov 2016. http://dg-di.com/DG/WMR/P28518_M.htm … #MarketResearch #Statistics #mrx,,,,1478604327000,3:25 AM - 8 Nov 2016,/PureDecisions/status/795950357750972416,
1567719999-35218,https://twitter.com/search?f=tweets&q=%23allied%20since%3A2016-11-07%20until%3A2016-11-09&src=typd,@MovieLaLa,MovieLaLa,A new #Poster of #Allied was just released. Enjoy! https://goo.gl/z2I4Fg,,,1.0,1478581392000,9:03 PM - 7 Nov 2016,/MovieLaLa/status/795854159832608768,
1567719999-35234,https://twitter.com/search?f=tweets&q=%23allied%20since%3A2016-11-07%20until%3A2016-11-09&src=typd,@Allied_LA,Allied Los Angeles,Grab your tickets to a special red carpet fan event + advance screening of #ALLIED this Wed in Westwood! http://bit.ly/2ePcp5X pic.twitter.com/gC4Z9dh1Mu,,1.0,1.0,1478552426000,1:00 PM - 7 Nov 2016,/Allied_LA/status/795732666192642048,
1567719999-35259,https://twitter.com/search?f=tweets&q=%23allied%20since%3A2016-11-07%20until%3A2016-11-09&src=typd,@ColumbiaPicPH,Columbia Pictures PH,Deception is an art. #ALLIED – In Cinemas Nov. 23: http://youtu.be/gGyPadGZIpM?a  via @YouTube,,,,1478512816000,2:00 AM - 7 Nov 2016,/ColumbiaPicPH/status/795566532000706560,
1567719999-35203,https://twitter.com/search?f=tweets&q=%23allied%20since%3A2016-11-07%20until%3A2016-11-09&src=typd,@CineroomTweets,𝘾𝙞𝙣𝙚𝙧𝙤𝙤𝙢 | 𝘼𝙙𝙖𝙢 𝙍𝙖𝙮 𝙋𝙖𝙡𝙢𝙚𝙧,Which November film are you looking forward to? http://www.cineroom.co.uk/the-features/films-for-november16 … - #FantasticBeasts #Allied #Arrival #TheAccountant #NocturnalAnimals,,1.0,,1478635204000,12:00 PM - 8 Nov 2016,/CineroomTweets/status/796079865162268672,
1567719999-35208,https://twitter.com/search?f=tweets&q=%23allied%20since%3A2016-11-07%20until%3A2016-11-09&src=typd,@ParamountIRL,Paramount Pictures,Everything will be questioned. #Allied opens in Irish cinemas November 25. pic.twitter.com/d4fiFomFIP,1.0,10.0,58.0,1478625194000,9:13 AM - 8 Nov 2016,/ParamountIRL/status/796037880200065024,
1567719999-35256,https://twitter.com/search?f=tweets&q=%23allied%20since%3A2016-11-07%20until%3A2016-11-09&src=typd,@dzhospitals,Dr Ziauddin Hospital,#DrZiauddinHospital #Medicine #Allied pic.twitter.com/MDRbXrdVvN,,,,1478518501000,3:35 AM - 7 Nov 2016,/dzhospitals/status/795590374144102400,
1567719999-35264,https://twitter.com/search?f=tweets&q=%23allied%20since%3A2016-11-07%20until%3A2016-11-09&src=typd,@Daily_Star,Daily Star,"Brad Pitt pulls out of #Allied promo work to avoid divorce drama
http://www.dailystar.co.uk/showbiz/559845/Brad-Pitt-Allied-press-commitments-divorce-Angelina-Jolie-Maddox-Marion-Cotillard-affair …",,,1.0,1478506801000,12:20 AM - 7 Nov 2016,/Daily_Star/status/795541300292395008,
1567719999-35228,https://twitter.com/search?f=tweets&q=%23allied%20since%3A2016-11-07%20until%3A2016-11-09&src=typd,@ByronJBrochmann,Byron J Brochmann,"LOVE THIS NEW SPOT FOR #alliedmovie
 
.
.
.
.
.

#actor #me #allied #newfilm #militarypolice… https://www.instagram.com/p/BMho7QUjhQV/",,,,1478557533000,2:25 PM - 7 Nov 2016,/ByronJBrochmann/status/795754086763261952,
1567719999-35233,https://twitter.com/search?f=tweets&q=%23allied%20since%3A2016-11-07%20until%3A2016-11-09&src=typd,@ica_cheng,Ica Hontiveros-Cheng,"I still don't know how to feel about this movie...but this poster is gorg
#Allied in cinemas Nov. 30 @uipmoviesphpic.twitter.com/RXaA2mc96H",,,,1478553554000,1:19 PM - 7 Nov 2016,/ica_cheng/status/795737398084714497,
1567719999-35270,https://twitter.com/search?f=tweets&q=%23allied%20since%3A2016-11-07%20until%3A2016-11-09&src=typd,@JoseCardenosa,José Cardeñosa,"25 de Noviembre de 2016.
Estreno de #Aliados #Allied 
La película de Brad Pitt rodada en Gran Canaria antes de su divorcio.",,,2.0,1478480209000,4:56 PM - 6 Nov 2016,/JoseCardenosa/status/795429768875438081,
1567719999-35258,https://twitter.com/search?f=tweets&q=%23allied%20since%3A2016-11-07%20until%3A2016-11-09&src=typd,@BDSkevofilax,Benjamin Skevofilax,#Allied is in essence just the prequel to #MrandMrsSmith right?,,,,1478514015000,2:20 AM - 7 Nov 2016,/BDSkevofilax/status/795571559062650880,
1567719999-35271,https://twitter.com/search?f=tweets&q=%23allied%20since%3A2016-11-07%20until%3A2016-11-09&src=typd,@Fine_ALester,Icyvine,Oh snaps #Allied looks super good  I must see it #nov23,,,,1478480178000,4:56 PM - 6 Nov 2016,/Fine_ALester/status/795429636796776449,
1567719999-35197,https://twitter.com/search?f=tweets&q=%23allied%20since%3A2016-11-07%20until%3A2016-11-09&src=typd,@BrendaKennedy76,Brenda,#TORONTO #ALLIED  #CONTEST,,,,1478643802000,2:23 PM - 8 Nov 2016,/BrendaKennedy76/status/796115925128908800,
1567719999-35250,https://twitter.com/search?f=tweets&q=%23allied%20since%3A2016-11-07%20until%3A2016-11-09&src=typd,@WBerksLibDems,West Berks & Newbury Lib Dems  🔶,United and moving forward #allied http://buff.ly/2fcitWS pic.twitter.com/y2MDwLPHeK,,,,1478531641000,7:14 AM - 7 Nov 2016,/WBerksLibDems/status/795645489706389505,
1567719999-35245,https://twitter.com/search?f=tweets&q=%23allied%20since%3A2016-11-07%20until%3A2016-11-09&src=typd,@JobsAtCoreMed,CoreMedical Group,"Just a couple hours from Boise, we've got a #travel #PhysicalTherapist position in #TwinFalls #Idaho http://bit.ly/2fvsT78  #PT #Allied pic.twitter.com/z6UpnAow6s",,,1.0,1478535448000,8:17 AM - 7 Nov 2016,/JobsAtCoreMed/status/795661454842138624,
